Store ID ,Store Area,Daily Customer Count,Store Sales,Sales per Store Area,Revenue per Customer,Sales-per-Store-Area-binned,Store-Area-binned,Customers-Count-binned
1,1659,530,66490,40.07836045810729,125.45283018867924,Middle,1500-inf,500-999
2,1461,210,39820,27.255304585900067,189.6190476190476,Low,1000-1499,1-499
3,1340,720,54010,40.30597014925373,75.01388888888889,Middle,1000-1499,500-999
4,1451,620,53730,37.02963473466575,86.66129032258064,Low,1000-1499,500-999
5,1770,450,46620,26.338983050847457,103.6,Low,1500-inf,1-499
6,1442,760,45260,31.38696255201109,59.55263157894737,Low,1000-1499,500-999
7,1542,1030,72240,46.84824902723735,70.13592233009709,Middle,1500-inf,1000-inf
8,1261,1020,37720,29.912767644726408,36.98039215686274,Low,1000-1499,1000-inf
9,1090,680,46310,42.48623853211009,68.1029411764706,Middle,1000-1499,500-999
10,1030,1130,44150,42.86407766990291,39.07079646017699,Middle,1000-1499,1000-inf
11,1187,1090,71280,60.05054759898905,65.39449541284404,Middle,1000-1499,1000-inf
12,1751,720,57620,32.90691033695031,80.02777777777777,Low,1500-inf,500-999
13,1746,1050,60470,34.63344788087056,57.59047619047619,Low,1500-inf,1000-inf
14,1615,1160,59130,36.61300309597523,50.97413793103448,Low,1500-inf,1000-inf
15,1469,770,66360,45.17358747447243,86.18181818181819,Middle,1000-1499,500-999
16,1644,790,78870,47.97445255474452,99.83544303797468,Middle,1500-inf,500-999
17,1578,1440,77250,48.95437262357415,53.645833333333336,Middle,1500-inf,1000-inf
18,1703,670,38170,22.413388138578977,56.97014925373134,Low,1500-inf,500-999
19,1438,1030,63540,44.186369958275385,61.68932038834952,Middle,1000-1499,1000-inf
20,1940,980,40190,20.716494845360824,41.01020408163265,Low,1500-inf,500-999
21,1421,370,43460,30.584095707248416,117.45945945945944,Low,1000-1499,1-499
22,1458,690,68890,47.24965706447188,99.84057971014492,Middle,1000-1499,500-999
23,1719,950,52780,30.70389761489238,55.55789473684211,Low,1500-inf,500-999
24,1449,620,50680,34.97584541062802,81.74193548387096,Low,1000-1499,500-999
25,1234,840,41880,33.93841166936791,49.85714285714285,Low,1000-1499,500-999
26,1732,820,70050,40.4445727482679,85.42682926829268,Middle,1500-inf,500-999
27,1475,1100,25820,17.505084745762712,23.472727272727276,Low,1000-1499,1000-inf
28,1390,980,60530,43.54676258992806,61.765306122448976,Middle,1000-1499,500-999
29,1642,710,78100,47.56394640682095,110.0,Middle,1500-inf,500-999
30,1715,650,84860,49.481049562682216,130.55384615384617,Middle,1500-inf,500-999
31,1439,990,80140,55.69145239749826,80.94949494949495,Middle,1000-1499,500-999
32,1250,990,14920,11.936,15.070707070707073,Low,1000-1499,500-999
33,1331,880,60460,45.42449286250939,68.70454545454545,Middle,1000-1499,500-999
34,1784,620,74560,41.79372197309417,120.25806451612904,Middle,1500-inf,500-999
35,1375,1020,72430,52.67636363636364,71.00980392156863,Middle,1000-1499,1000-inf
36,1871,700,45460,24.297167290219136,64.94285714285714,Low,1500-inf,500-999
37,1442,610,41570,28.828016643550622,68.14754098360656,Low,1000-1499,500-999
38,1174,1080,62870,53.55195911413969,58.21296296296296,Middle,1000-1499,1000-inf
39,1839,1010,55170,30.0,54.62376237623762,Low,1500-inf,1000-inf
40,1270,10,45480,35.811023622047244,4548.0,Low,1000-1499,1-499
41,1435,1250,49550,34.52961672473867,39.64,Low,1000-1499,1000-inf
42,965,600,48140,49.8860103626943,80.23333333333333,Middle,1-999,500-999
43,1665,730,67640,40.62462462462462,92.65753424657534,Middle,1500-inf,500-999
44,1780,780,39730,22.320224719101123,50.93589743589744,Low,1500-inf,500-999
45,1009,520,35800,35.4806739345887,68.84615384615384,Low,1000-1499,500-999
46,1227,870,49270,40.15484922575387,56.63218390804597,Middle,1000-1499,500-999
47,1769,690,66510,37.59751271905032,96.3913043478261,Low,1500-inf,500-999
48,1660,910,62530,37.66867469879518,68.71428571428571,Low,1500-inf,500-999
49,1472,1260,59980,40.74728260869565,47.6031746031746,Middle,1000-1499,1000-inf
50,1408,1040,76350,54.22585227272727,73.41346153846153,Middle,1000-1499,1000-inf
51,1514,910,81820,54.04227212681638,89.91208791208791,Middle,1500-inf,500-999
52,1565,1300,57830,36.95207667731629,44.48461538461538,Low,1500-inf,1000-inf
53,1074,320,70450,65.59590316573556,220.15625,Middle,1000-1499,1-499
54,1864,530,67000,35.94420600858369,126.41509433962264,Low,1500-inf,500-999
55,1570,980,64090,40.82165605095541,65.39795918367346,Middle,1500-inf,500-999
56,1417,740,48670,34.347212420606915,65.77027027027027,Low,1000-1499,500-999
57,1734,1240,66210,38.18339100346021,53.39516129032258,Low,1500-inf,1000-inf
58,1470,1080,83660,56.91156462585034,77.46296296296296,Middle,1000-1499,1000-inf
59,1761,1080,70770,40.18739352640545,65.52777777777777,Middle,1500-inf,1000-inf
60,1756,460,53870,30.67767653758542,117.1086956521739,Low,1500-inf,1-499
61,1704,300,71300,41.84272300469483,237.66666666666663,Middle,1500-inf,1-499
62,2011,530,46100,22.92391844853307,86.98113207547169,Low,1500-inf,500-999
63,1472,600,49100,33.35597826086956,81.83333333333333,Low,1000-1499,500-999
64,1310,860,65920,50.3206106870229,76.65116279069767,Middle,1000-1499,500-999
65,1544,590,58660,37.99222797927461,99.42372881355932,Low,1500-inf,500-999
66,1707,920,69130,40.497949619215,75.1413043478261,Middle,1500-inf,500-999
67,1881,570,49080,26.09250398724083,86.10526315789474,Low,1500-inf,500-999
68,1416,290,72710,51.34887005649718,250.72413793103448,Middle,1000-1499,1-499
69,1631,650,33430,20.49662783568363,51.43076923076923,Low,1500-inf,500-999
70,1318,710,42430,32.192716236722305,59.76056338028169,Low,1000-1499,500-999
71,1692,850,56650,33.481087470449175,66.6470588235294,Low,1500-inf,500-999
72,1152,530,33580,29.14930555555556,63.35849056603774,Low,1000-1499,500-999
73,891,630,67370,75.61167227833894,106.93650793650794,High,1-999,500-999
74,1468,700,71780,48.89645776566758,102.54285714285714,Middle,1000-1499,500-999
75,1539,650,84840,55.12670565302144,130.52307692307693,Middle,1500-inf,500-999
76,1635,720,82070,50.19571865443425,113.98611111111111,Middle,1500-inf,500-999
77,1267,450,26770,21.128650355169693,59.48888888888889,Low,1000-1499,1-499
78,1250,1390,65560,52.448,47.16546762589928,Middle,1000-1499,1000-inf
79,1720,960,38660,22.476744186046517,40.270833333333336,Low,1500-inf,500-999
80,1462,600,65660,44.91108071135431,109.43333333333334,Middle,1000-1499,500-999
81,1431,620,40700,28.44164919636618,65.64516129032258,Low,1000-1499,500-999
82,1539,1020,88910,57.771280051981805,87.16666666666667,Middle,1500-inf,1000-inf
83,1441,330,57860,40.1526717557252,175.33333333333334,Middle,1000-1499,1-499
84,1572,1410,42670,27.143765903307887,30.26241134751773,Low,1500-inf,1000-inf
85,1287,1200,90180,70.06993006993007,75.15,High,1000-1499,1000-inf
86,1468,280,51280,34.93188010899183,183.14285714285717,Low,1000-1499,1-499
87,1931,940,97260,50.3676851372346,103.46808510638296,Middle,1500-inf,500-999
88,1252,850,39650,31.669329073482427,46.64705882352941,Low,1000-1499,500-999
89,1238,960,45720,36.93053311793215,47.625,Low,1000-1499,500-999
90,1479,420,42060,28.43813387423935,100.14285714285714,Low,1000-1499,1-499
91,1590,830,65350,41.100628930817614,78.73493975903614,Middle,1500-inf,500-999
92,2169,600,67080,30.92669432918396,111.8,Low,1500-inf,500-999
93,1838,400,54030,29.39608269858542,135.075,Low,1500-inf,1-499
94,1385,760,56360,40.69314079422383,74.15789473684211,Middle,1000-1499,500-999
95,1921,1470,77120,40.14575741801145,52.46258503401361,Middle,1500-inf,1000-inf
96,1975,500,50810,25.72658227848101,101.62,Low,1500-inf,500-999
97,1853,1120,60960,32.89800323799245,54.42857142857143,Low,1500-inf,1000-inf
98,1816,1160,61180,33.68942731277533,52.741379310344826,Low,1500-inf,1000-inf
99,1785,820,63660,35.66386554621849,77.63414634146342,Low,1500-inf,500-999
100,1579,1140,41190,26.08613046231792,36.13157894736842,Low,1500-inf,1000-inf
101,1096,900,78420,71.55109489051095,87.13333333333334,High,1000-1499,500-999
102,1919,760,65580,34.17404898384575,86.28947368421052,Low,1500-inf,500-999
103,1262,1170,89080,70.5863708399366,76.13675213675214,High,1000-1499,1000-inf
104,1374,1080,94170,68.53711790393012,87.19444444444444,High,1000-1499,1000-inf
105,1309,1000,50950,38.92284186401834,50.95,Low,1000-1499,1000-inf
106,1207,690,65180,54.0016570008285,94.46376811594205,Middle,1000-1499,500-999
107,1692,810,69310,40.96335697399528,85.5679012345679,Middle,1500-inf,500-999
108,1929,630,79210,41.06272680145153,125.73015873015872,Middle,1500-inf,500-999
109,1573,650,23740,15.092180546726,36.52307692307692,Low,1500-inf,500-999
110,1415,920,36330,25.674911660777383,39.48913043478261,Low,1000-1499,500-999
111,1162,1260,51700,44.49225473321859,41.03174603174603,Middle,1000-1499,1000-inf
112,1485,800,62950,42.39057239057239,78.6875,Middle,1000-1499,500-999
113,1897,1330,56010,29.52556668423827,42.11278195488722,Low,1500-inf,1000-inf
114,1607,940,45080,28.0522713130056,47.95744680851064,Low,1500-inf,500-999
115,1909,1210,46830,24.53116815086433,38.70247933884298,Low,1500-inf,1000-inf
116,1274,660,64750,50.82417582417583,98.1060606060606,Middle,1000-1499,500-999
117,1157,770,80780,69.81849611063095,104.9090909090909,High,1000-1499,500-999
118,1712,460,31180,18.212616822429908,67.78260869565217,Low,1500-inf,1-499
119,1500,860,56710,37.806666666666665,65.94186046511628,Low,1500-inf,500-999
120,1682,780,49390,29.36385255648038,63.32051282051282,Low,1500-inf,500-999
121,1441,890,66000,45.80152671755725,74.15730337078652,Middle,1000-1499,500-999
122,1525,900,32770,21.488524590163934,36.41111111111111,Low,1500-inf,500-999
123,1408,530,46580,33.08238636363637,87.88679245283019,Low,1000-1499,500-999
124,1947,790,79780,40.975860297894194,100.9873417721519,Middle,1500-inf,500-999
125,1164,370,35510,30.50687285223368,95.97297297297295,Low,1000-1499,1-499
126,1787,610,80970,45.3105763850028,132.7377049180328,Middle,1500-inf,500-999
127,1871,500,61150,32.68305718866916,122.3,Low,1500-inf,500-999
128,1718,750,49210,28.64377182770664,65.61333333333333,Low,1500-inf,500-999
129,1365,980,79950,58.57142857142857,81.58163265306122,Middle,1000-1499,500-999
130,1368,530,68740,50.24853801169591,129.69811320754718,Middle,1000-1499,500-999
131,1342,910,57480,42.831594634873326,63.16483516483517,Middle,1000-1499,500-999
132,1076,620,72630,67.5,117.14516129032258,Middle,1000-1499,500-999
133,1396,1170,50070,35.86676217765043,42.7948717948718,Low,1000-1499,1000-inf
134,1713,900,40490,23.636894337419733,44.98888888888889,Low,1500-inf,500-999
135,1370,980,51850,37.84671532846716,52.90816326530612,Low,1000-1499,500-999
136,1667,740,42840,25.69886022795441,57.891891891891895,Low,1500-inf,500-999
137,1638,810,60940,37.20390720390721,75.23456790123457,Low,1500-inf,500-999
138,1581,810,62280,39.39278937381404,76.88888888888889,Low,1500-inf,500-999
139,1795,300,76530,42.63509749303621,255.1,Middle,1500-inf,1-499
140,1179,790,85130,72.20525869380832,107.75949367088609,High,1000-1499,500-999
141,1978,800,48590,24.565217391304348,60.7375,Low,1500-inf,500-999
142,1688,760,73080,43.29383886255924,96.15789473684212,Middle,1500-inf,500-999
143,1214,530,48950,40.32125205930807,92.35849056603772,Middle,1000-1499,500-999
144,1504,540,48560,32.287234042553195,89.92592592592592,Low,1500-inf,500-999
145,1498,620,59380,39.63951935914552,95.7741935483871,Middle,1000-1499,500-999
146,1462,1010,51190,35.01367989056087,50.68316831683168,Low,1000-1499,1000-inf
147,1442,130,58920,40.85991678224688,453.2307692307692,Middle,1000-1499,1-499
148,1250,730,50360,40.288,68.98630136986301,Middle,1000-1499,500-999
149,1229,830,38070,30.97640358014646,45.86746987951807,Low,1000-1499,500-999
150,1936,1060,49170,25.397727272727277,46.386792452830186,Low,1500-inf,1000-inf
151,1369,770,39740,29.028487947406862,51.61038961038961,Low,1000-1499,500-999
152,1662,70,63730,38.3453670276775,910.4285714285714,Low,1500-inf,1-499
153,1548,670,85330,55.122739018087856,127.35820895522389,Middle,1500-inf,500-999
154,1649,490,27410,16.622195269860523,55.93877551020408,Low,1500-inf,1-499
155,1393,670,37320,26.79109834888729,55.70149253731344,Low,1000-1499,500-999
156,1450,380,71120,49.04827586206896,187.1578947368421,Middle,1000-1499,1-499
157,1613,1200,72800,45.13329200247985,60.66666666666666,Middle,1500-inf,1000-inf
158,1408,350,34410,24.438920454545453,98.31428571428572,Low,1000-1499,1-499
159,775,1090,42530,54.87741935483871,39.018348623853214,Middle,1-999,1000-inf
160,1275,1230,54300,42.588235294117645,44.14634146341464,Middle,1000-1499,1000-inf
161,1740,680,50780,29.183908045977013,74.67647058823529,Low,1500-inf,500-999
162,1372,580,45020,32.8134110787172,77.62068965517241,Low,1000-1499,500-999
163,1414,680,69600,49.222065063649225,102.3529411764706,Middle,1000-1499,500-999
164,2044,340,80340,39.30528375733855,236.2941176470588,Low,1500-inf,1-499
165,1823,700,37810,20.74053757542512,54.01428571428571,Low,1500-inf,500-999
166,955,580,46140,48.31413612565445,79.55172413793103,Middle,1-999,500-999
167,1465,680,99570,67.96587030716724,146.4264705882353,High,1000-1499,500-999
168,1331,630,38650,29.03831705484598,61.34920634920635,Low,1000-1499,500-999
169,1232,860,49800,40.422077922077925,57.906976744186046,Middle,1000-1499,500-999
170,1481,490,69910,47.204591492234975,142.6734693877551,Middle,1000-1499,1-499
171,1343,870,44910,33.44005956813105,51.62068965517241,Low,1000-1499,500-999
172,1539,990,78470,50.98765432098765,79.26262626262626,Middle,1500-inf,500-999
173,1007,670,47460,47.13008937437935,70.83582089552239,Middle,1000-1499,500-999
174,1762,490,33460,18.98978433598184,68.28571428571429,Low,1500-inf,1-499
175,1527,580,44090,28.873608382449248,76.01724137931035,Low,1500-inf,500-999
176,1356,700,42620,31.430678466076696,60.885714285714286,Low,1000-1499,500-999
177,1536,670,69450,45.21484375,103.65671641791045,Middle,1500-inf,500-999
178,1605,390,73120,45.557632398753896,187.48717948717947,Middle,1500-inf,1-499
179,1704,590,48300,28.34507042253521,81.86440677966101,Low,1500-inf,500-999
180,1626,1350,58090,35.72570725707257,43.02962962962963,Low,1500-inf,1000-inf
181,1612,840,74250,46.06079404466501,88.39285714285714,Middle,1500-inf,500-999
182,1174,1100,40930,34.863713798977855,37.20909090909091,Low,1000-1499,1000-inf
183,1923,950,70930,36.88507540301613,74.66315789473684,Low,1500-inf,500-999
184,1702,950,64670,37.99647473560517,68.07368421052631,Low,1500-inf,500-999
185,1398,650,77420,55.379113018598,119.1076923076923,Middle,1000-1499,500-999
186,1437,230,32330,22.498260264439804,140.56521739130434,Low,1000-1499,1-499
187,1524,1060,41080,26.95538057742782,38.75471698113208,Low,1500-inf,1000-inf
188,1660,1180,42860,25.81927710843373,36.32203389830509,Low,1500-inf,1000-inf
189,1302,710,68450,52.57296466973887,96.40845070422536,Middle,1000-1499,500-999
190,1666,480,39730,23.84753901560624,82.77083333333333,Low,1500-inf,1-499
191,1391,810,83750,60.20848310567937,103.39506172839506,Middle,1000-1499,500-999
192,1778,1140,69940,39.33633295838021,61.35087719298246,Low,1500-inf,1000-inf
193,1462,1070,67710,46.31326949384405,63.2803738317757,Middle,1000-1499,1000-inf
194,1751,790,67360,38.46944603083952,85.26582278481013,Low,1500-inf,500-999
195,1652,690,52460,31.75544794188862,76.02898550724638,Low,1500-inf,500-999
196,1841,610,88760,48.21292775665399,145.50819672131146,Middle,1500-inf,500-999
197,1496,1240,67030,44.80614973262032,54.05645161290322,Middle,1000-1499,1000-inf
198,1504,840,78230,52.01462765957447,93.13095238095238,Middle,1500-inf,500-999
199,1524,460,62270,40.85958005249344,135.3695652173913,Middle,1500-inf,1-499
200,1148,940,49760,43.34494773519164,52.93617021276596,Middle,1000-1499,500-999
201,1468,590,73660,50.177111716621255,124.84745762711864,Middle,1000-1499,500-999
202,1310,890,72320,55.20610687022901,81.25842696629213,Middle,1000-1499,500-999
203,1321,770,68890,52.14988644965935,89.46753246753246,Middle,1000-1499,500-999
204,992,900,34180,34.45564516129032,37.977777777777774,Low,1-999,500-999
205,1540,1020,58260,37.83116883116883,57.11764705882353,Low,1500-inf,1000-inf
206,1807,910,38120,21.09573879358052,41.89010989010989,Low,1500-inf,500-999
207,1526,660,49070,32.15596330275229,74.34848484848484,Low,1500-inf,500-999
208,1406,480,61660,43.85490753911807,128.45833333333334,Middle,1000-1499,1-499
209,1703,1080,37830,22.213740458015263,35.02777777777778,Low,1500-inf,1000-inf
210,1575,690,52270,33.18730158730159,75.7536231884058,Low,1500-inf,500-999
211,1309,510,52280,39.938884644767,102.50980392156865,Middle,1000-1499,500-999
212,1488,1030,70810,47.58736559139785,68.74757281553399,Middle,1000-1499,1000-inf
213,1658,370,71530,43.14234016887816,193.32432432432432,Middle,1500-inf,1-499
214,1863,640,77260,41.47074610842727,120.71875,Middle,1500-inf,500-999
215,1458,750,75550,51.81755829903978,100.73333333333332,Middle,1000-1499,500-999
216,1604,370,33730,21.028678304239403,91.16216216216216,Low,1500-inf,1-499
217,1575,840,66270,42.07619047619048,78.89285714285714,Middle,1500-inf,500-999
218,1525,840,55820,36.60327868852459,66.45238095238095,Low,1500-inf,500-999
219,1451,890,68430,47.1605789110958,76.88764044943821,Middle,1000-1499,500-999
220,1390,620,73990,53.23021582733813,119.33870967741936,Middle,1000-1499,500-999
221,1442,310,62800,43.5506241331484,202.58064516129036,Middle,1000-1499,1-499
222,1620,550,33740,20.82716049382716,61.345454545454544,Low,1500-inf,500-999
223,1251,380,63830,51.02318145483613,167.97368421052633,Middle,1000-1499,1-499
224,1318,1200,24410,18.520485584218516,20.341666666666665,Low,1000-1499,1000-inf
225,1647,800,70020,42.513661202185794,87.525,Middle,1500-inf,500-999
226,1829,870,92240,50.4319300164024,106.02298850574712,Middle,1500-inf,500-999
227,1852,1220,68230,36.841252699784015,55.92622950819672,Low,1500-inf,1000-inf
228,1699,1080,81870,48.18716892289582,75.80555555555556,Middle,1500-inf,1000-inf
229,1325,540,73860,55.74339622641509,136.77777777777777,Middle,1000-1499,500-999
230,1350,880,77120,57.12592592592593,87.63636363636364,Middle,1000-1499,500-999
231,1347,120,72350,53.71195248700817,602.9166666666666,Middle,1000-1499,1-499
232,1397,1410,49160,35.18969219756622,34.86524822695036,Low,1000-1499,1000-inf
233,1245,570,45650,36.66666666666666,80.08771929824562,Low,1000-1499,500-999
234,1366,940,52780,38.63836017569546,56.14893617021277,Low,1000-1499,500-999
235,1378,760,90960,66.00870827285921,119.6842105263158,Middle,1000-1499,500-999
236,1767,1200,64950,36.7572156196944,54.125,Low,1500-inf,1000-inf
237,1184,670,47230,39.8902027027027,70.49253731343283,Middle,1000-1499,500-999
238,1257,950,83250,66.22911694510739,87.63157894736842,Middle,1000-1499,500-999
239,1863,480,51950,27.885131508319915,108.22916666666669,Low,1500-inf,1-499
240,1881,920,66030,35.103668261563,71.77173913043478,Low,1500-inf,500-999
241,1329,1150,68590,51.61023325808879,59.64347826086957,Middle,1000-1499,1000-inf
242,1539,750,47140,30.630279402209226,62.85333333333333,Low,1500-inf,500-999
243,1557,370,69940,44.91971740526654,189.02702702702703,Middle,1500-inf,1-499
244,2007,610,65890,32.83009466865969,108.01639344262296,Low,1500-inf,500-999
245,1185,1150,89310,75.36708860759494,77.6608695652174,High,1000-1499,1000-inf
246,1657,1070,58540,35.32890766445383,54.71028037383178,Low,1500-inf,1000-inf
247,1294,790,78130,60.37867078825348,98.8987341772152,Middle,1000-1499,500-999
248,1296,1070,92300,71.21913580246914,86.26168224299066,High,1000-1499,1000-inf
249,1733,730,56170,32.41200230813618,76.94520547945206,Low,1500-inf,500-999
250,1641,620,46050,28.062157221206583,74.2741935483871,Low,1500-inf,500-999
251,1373,530,43390,31.60233066278223,81.86792452830188,Low,1000-1499,500-999
252,1550,700,61750,39.83870967741935,88.21428571428571,Middle,1500-inf,500-999
253,1583,680,21830,13.790271636133925,32.10294117647059,Low,1500-inf,500-999
254,1428,1060,39800,27.871148459383758,37.54716981132076,Low,1000-1499,1000-inf
255,1604,670,54370,33.89650872817955,81.14925373134328,Low,1500-inf,500-999
256,1439,400,62470,43.41209173036831,156.175,Middle,1000-1499,1-499
257,1648,910,82930,50.32160194174757,91.13186813186812,Middle,1500-inf,500-999
258,1025,760,63720,62.16585365853658,83.84210526315789,Middle,1000-1499,500-999
259,2001,540,79180,39.57021489255372,146.62962962962962,Middle,1500-inf,500-999
260,1145,350,38210,33.37117903930131,109.17142857142858,Low,1000-1499,1-499
261,1174,980,25950,22.103918228279387,26.47959183673469,Low,1000-1499,500-999
262,913,860,56610,62.00438116100767,65.82558139534883,Middle,1-999,500-999
263,1199,1020,73710,61.47623019182653,72.26470588235294,Middle,1000-1499,1000-inf
264,1875,1120,70400,37.54666666666667,62.85714285714285,Low,1500-inf,1000-inf
265,1153,1020,50440,43.74674761491761,49.45098039215687,Middle,1000-1499,1000-inf
266,1240,940,66840,53.903225806451616,71.1063829787234,Middle,1000-1499,500-999
267,1381,970,50170,36.3287472845764,51.72164948453608,Low,1000-1499,500-999
268,1701,830,60140,35.355673133450914,72.4578313253012,Low,1500-inf,500-999
269,1206,920,37130,30.787728026534,40.35869565217392,Low,1000-1499,500-999
270,1476,660,42890,29.058265582655828,64.98484848484848,Low,1000-1499,500-999
271,1189,780,26220,22.05214465937763,33.61538461538461,Low,1000-1499,500-999
272,1837,340,50840,27.67555797495917,149.52941176470588,Low,1500-inf,1-499
273,1319,1190,25630,19.431387414708112,21.537815126050425,Low,1000-1499,1000-inf
274,1617,490,60770,37.58194186765616,124.0204081632653,Low,1500-inf,1-499
275,1631,1090,69600,42.67320662170447,63.85321100917431,Middle,1500-inf,1000-inf
276,1517,1040,41740,27.51483190507581,40.13461538461539,Low,1500-inf,1000-inf
277,1764,1210,50130,28.418367346938776,41.4297520661157,Low,1500-inf,1000-inf
278,1572,1030,21750,13.83587786259542,21.116504854368934,Low,1500-inf,1000-inf
279,1855,1170,80490,43.39083557951483,68.7948717948718,Middle,1500-inf,1000-inf
280,1327,730,34020,25.63677467972871,46.602739726027394,Low,1000-1499,500-999
281,1270,720,60240,47.43307086614173,83.66666666666667,Middle,1000-1499,500-999
282,1734,500,39460,22.75663206459054,78.92,Low,1500-inf,500-999
283,1533,1070,56440,36.81669928245271,52.74766355140187,Low,1500-inf,1000-inf
284,1390,800,46840,33.697841726618705,58.55,Low,1000-1499,500-999
285,1856,1020,64820,34.92456896551724,63.549019607843135,Low,1500-inf,1000-inf
286,1000,1070,52520,52.52,49.08411214953271,Middle,1000-1499,1000-inf
287,1313,420,45940,34.98857578065499,109.38095238095238,Low,1000-1499,1-499
288,1494,510,38970,26.08433734939759,76.41176470588235,Low,1000-1499,500-999
289,1386,1210,58610,42.287157287157285,48.43801652892562,Middle,1000-1499,1000-inf
290,1979,660,30810,15.568468923698838,46.68181818181818,Low,1500-inf,500-999
291,1057,360,47730,45.15610217596973,132.58333333333334,Middle,1000-1499,1-499
292,902,1210,64640,71.66297117516629,53.421487603305785,High,1-999,1000-inf
293,1347,560,44860,33.30363771343727,80.10714285714286,Low,1000-1499,500-999
294,1314,360,55660,42.35920852359209,154.61111111111111,Middle,1000-1499,1-499
295,1513,970,57530,38.023793787177794,59.30927835051546,Low,1500-inf,500-999
296,1305,480,75200,57.62452107279694,156.66666666666666,Middle,1000-1499,1-499
297,1180,690,37330,31.635593220338983,54.10144927536232,Low,1000-1499,500-999
298,1142,710,35280,30.893169877408056,49.69014084507042,Low,1000-1499,500-999
299,1471,780,70610,48.00135961930659,90.52564102564102,Middle,1000-1499,500-999
300,1075,630,49720,46.25116279069768,78.92063492063492,Middle,1000-1499,500-999
301,1578,220,68850,43.631178707224336,312.95454545454544,Middle,1500-inf,1-499
302,1585,1110,50740,32.01261829652997,45.71171171171172,Low,1500-inf,1000-inf
303,1391,720,77070,55.40618260244428,107.04166666666669,Middle,1000-1499,500-999
304,1577,560,74730,47.38744451490171,133.44642857142858,Middle,1500-inf,500-999
305,1092,600,76530,70.08241758241758,127.55,High,1000-1499,500-999
306,1375,440,68900,50.10909090909091,156.5909090909091,Middle,1000-1499,1-499
307,1523,520,44960,29.520682862770848,86.46153846153847,Low,1500-inf,500-999
308,1373,410,41490,30.21849963583394,101.1951219512195,Low,1000-1499,1-499
309,1550,590,74320,47.94838709677419,125.96610169491524,Middle,1500-inf,500-999
310,1614,740,73800,45.72490706319702,99.72972972972973,Middle,1500-inf,500-999
311,1566,610,56400,36.015325670498086,92.45901639344262,Low,1500-inf,500-999
312,2019,540,71570,35.44824170381377,132.53703703703704,Low,1500-inf,500-999
313,1494,1450,43640,29.21017402945114,30.09655172413793,Low,1000-1499,1000-inf
314,1659,620,35120,21.169379144062688,56.64516129032258,Low,1500-inf,500-999
315,1766,340,58670,33.221970554926386,172.55882352941177,Low,1500-inf,1-499
316,1293,970,75800,58.62335653518948,78.14432989690722,Middle,1000-1499,500-999
317,1375,1080,76640,55.738181818181815,70.96296296296296,Middle,1000-1499,1000-inf
318,1236,560,31890,25.800970873786408,56.94642857142857,Low,1000-1499,500-999
319,1332,630,61670,46.2987987987988,97.88888888888889,Middle,1000-1499,500-999
320,1513,980,75950,50.19828155981494,77.5,Middle,1500-inf,500-999
321,1208,930,41490,34.34602649006622,44.61290322580645,Low,1000-1499,500-999
322,1190,470,66170,55.60504201680672,140.7872340425532,Middle,1000-1499,1-499
323,1448,680,37980,26.2292817679558,55.85294117647059,Low,1000-1499,500-999
324,1771,430,62710,35.409373235460194,145.8372093023256,Low,1500-inf,1-499
325,1365,830,60470,44.3003663003663,72.855421686747,Middle,1000-1499,500-999
326,1510,950,35230,23.33112582781457,37.084210526315786,Low,1500-inf,500-999
327,1458,870,48550,33.29903978052126,55.80459770114943,Low,1000-1499,500-999
328,1808,730,56810,31.42146017699115,77.82191780821918,Low,1500-inf,500-999
329,1615,760,41080,25.436532507739937,54.05263157894737,Low,1500-inf,500-999
330,1640,960,51270,31.26219512195122,53.40625,Low,1500-inf,500-999
331,1060,860,57500,54.24528301886792,66.86046511627907,Middle,1000-1499,500-999
332,1633,330,81470,49.88977342314758,246.87878787878788,Middle,1500-inf,1-499
333,1222,630,49570,40.56464811783961,78.68253968253968,Middle,1000-1499,500-999
334,1619,1280,45580,28.153180975911056,35.609375,Low,1500-inf,1000-inf
335,1624,1440,44660,27.5,31.01388888888889,Low,1500-inf,1000-inf
336,1887,570,76240,40.40275569687334,133.75438596491227,Middle,1500-inf,500-999
337,1320,540,43720,33.121212121212125,80.96296296296296,Low,1000-1499,500-999
338,1450,480,46700,32.206896551724135,97.29166666666669,Low,1000-1499,1-499
339,1455,390,84690,58.20618556701031,217.15384615384616,Middle,1000-1499,1-499
340,966,900,85470,88.47826086956522,94.96666666666668,High,1-999,500-999
341,1922,290,80410,41.8366285119667,277.2758620689655,Middle,1500-inf,1-499
342,1678,740,46650,27.800953516090583,63.04054054054054,Low,1500-inf,500-999
343,1638,690,81840,49.96336996336996,118.6086956521739,Middle,1500-inf,500-999
344,1145,950,63590,55.53711790393013,66.93684210526315,Middle,1000-1499,500-999
345,2004,930,50130,25.01497005988024,53.903225806451616,Low,1500-inf,500-999
346,1954,810,45820,23.44933469805527,56.5679012345679,Low,1500-inf,500-999
347,1577,760,86710,54.98414711477489,114.09210526315788,Middle,1500-inf,500-999
348,1766,580,49980,28.301245753114383,86.17241379310344,Low,1500-inf,500-999
349,1362,770,82940,60.89574155653451,107.71428571428572,Middle,1000-1499,500-999
350,1886,1530,40350,21.394485683987277,26.37254901960784,Low,1500-inf,1000-inf
351,1291,420,93950,72.7730441518203,223.6904761904762,High,1000-1499,1-499
352,1584,1210,47310,29.86742424242424,39.099173553719005,Low,1500-inf,1000-inf
353,1397,850,21300,15.246957766642806,25.058823529411764,Low,1000-1499,500-999
354,1445,1340,62180,43.03114186851211,46.40298507462686,Middle,1000-1499,1000-inf
355,1433,1160,61460,42.88904396371249,52.98275862068966,Middle,1000-1499,1000-inf
356,1269,500,54360,42.83687943262412,108.72,Middle,1000-1499,500-999
357,1798,820,72050,40.07230255839822,87.86585365853658,Middle,1500-inf,500-999
358,1514,670,48090,31.76354029062087,71.77611940298507,Low,1500-inf,500-999
359,1015,460,27310,26.9064039408867,59.369565217391305,Low,1000-1499,1-499
360,1495,950,57160,38.23411371237458,60.16842105263158,Low,1000-1499,500-999
361,1759,980,34190,19.43718021603184,34.88775510204081,Low,1500-inf,500-999
362,1219,850,35600,29.204265791632487,41.88235294117647,Low,1000-1499,500-999
363,1571,580,54670,34.799490770210056,94.25862068965516,Low,1500-inf,500-999
364,1404,620,76730,54.65099715099715,123.75806451612904,Middle,1000-1499,500-999
365,1124,650,63540,56.53024911032029,97.75384615384615,Middle,1000-1499,500-999
366,1514,1130,36690,24.233817701453106,32.469026548672566,Low,1500-inf,1000-inf
367,1207,720,87370,72.3860811930406,121.34722222222224,High,1000-1499,500-999
368,1484,940,59800,40.29649595687332,63.61702127659574,Middle,1000-1499,500-999
369,1398,920,48030,34.35622317596567,52.20652173913044,Low,1000-1499,500-999
370,1769,660,96650,54.635387224420576,146.43939393939394,Middle,1500-inf,500-999
371,1111,610,65500,58.95589558955896,107.37704918032787,Middle,1000-1499,500-999
372,1078,1190,55530,51.51205936920223,46.66386554621849,Middle,1000-1499,1000-inf
373,1876,1340,21650,11.540511727078892,16.15671641791045,Low,1500-inf,1000-inf
374,1909,820,31940,16.731272917757988,38.95121951219512,Low,1500-inf,500-999
375,1940,1130,84690,43.654639175257735,74.94690265486726,Middle,1500-inf,1000-inf
376,1391,890,68390,49.16606757728253,76.84269662921348,Middle,1000-1499,500-999
377,1496,810,75490,50.461229946524064,93.19753086419752,Middle,1000-1499,500-999
378,1412,680,39200,27.762039660056654,57.64705882352941,Low,1000-1499,500-999
379,1121,320,85670,76.4228367528992,267.71875,High,1000-1499,1-499
380,1691,700,60530,35.79538734476641,86.47142857142858,Low,1500-inf,500-999
381,1599,940,78090,48.83677298311444,83.07446808510639,Middle,1500-inf,500-999
382,1208,910,50720,41.98675496688742,55.73626373626374,Middle,1000-1499,500-999
383,1454,870,23090,15.880330123796425,26.54022988505747,Low,1000-1499,500-999
384,1555,1260,91360,58.752411575562704,72.5079365079365,Middle,1500-inf,1000-inf
385,1554,440,48120,30.965250965250966,109.36363636363636,Low,1500-inf,1-499
386,1491,980,75620,50.7176391683434,77.16326530612245,Middle,1000-1499,500-999
387,1415,1200,39420,27.858657243816253,32.85,Low,1000-1499,1000-inf
388,1487,890,51130,34.38466711499664,57.4494382022472,Low,1000-1499,500-999
389,1339,1050,33890,25.30993278566094,32.27619047619048,Low,1000-1499,1000-inf
390,1320,610,87170,66.03787878787878,142.9016393442623,Middle,1000-1499,500-999
391,1509,960,38600,25.579854208084825,40.208333333333336,Low,1500-inf,500-999
392,1406,860,60980,43.37126600284495,70.90697674418605,Middle,1000-1499,500-999
393,1264,800,79410,62.8243670886076,99.2625,Middle,1000-1499,500-999
394,1905,1060,82350,43.22834645669291,77.68867924528301,Middle,1500-inf,1000-inf
395,1209,600,36740,30.388751033912325,61.23333333333333,Low,1000-1499,500-999
396,1546,380,27720,17.93014230271669,72.94736842105263,Low,1500-inf,1-499
397,1689,1140,32260,19.100059206631144,28.29824561403509,Low,1500-inf,1000-inf
398,1153,730,53270,46.20121422376409,72.97260273972603,Middle,1000-1499,500-999
399,2063,810,51480,24.95395055744062,63.55555555555556,Low,1500-inf,500-999
400,1848,1000,59970,32.451298701298704,59.97,Low,1500-inf,1000-inf
401,1718,1220,83600,48.66123399301513,68.52459016393442,Middle,1500-inf,1000-inf
402,1480,360,63020,42.58108108108108,175.05555555555554,Middle,1000-1499,1-499
403,1439,900,50920,35.38568450312717,56.577777777777776,Low,1000-1499,500-999
404,1576,750,56450,35.818527918781726,75.26666666666667,Low,1500-inf,500-999
405,1948,930,89540,45.96509240246407,96.27956989247312,Middle,1500-inf,500-999
406,1613,1180,46030,28.536887786732795,39.00847457627118,Low,1500-inf,1000-inf
407,896,870,75110,83.828125,86.33333333333333,High,1-999,500-999
408,1625,680,74520,45.85846153846154,109.58823529411764,Middle,1500-inf,500-999
409,1303,1310,102310,78.51880276285495,78.09923664122137,High,1000-1499,1000-inf
410,1340,1000,53400,39.85074626865672,53.4,Middle,1000-1499,1000-inf
411,1410,1130,59760,42.38297872340426,52.88495575221239,Middle,1000-1499,1000-inf
412,1432,990,49540,34.59497206703911,50.04040404040404,Low,1000-1499,500-999
413,1891,360,51560,27.26599682707562,143.22222222222223,Low,1500-inf,1-499
414,1322,720,49510,37.450832072617246,68.76388888888889,Low,1000-1499,500-999
415,1378,950,58610,42.53265602322206,61.694736842105264,Middle,1000-1499,500-999
416,1462,840,68260,46.68946648426813,81.26190476190476,Middle,1000-1499,500-999
417,1440,1120,65310,45.35416666666666,58.3125,Middle,1000-1499,1000-inf
418,1421,920,52090,36.65728360309641,56.619565217391305,Low,1000-1499,500-999
419,1280,1240,43860,34.265625,35.37096774193548,Low,1000-1499,1000-inf
420,1431,840,74170,51.830887491264846,88.29761904761905,Middle,1000-1499,500-999
421,1161,430,58380,50.28423772609819,135.7674418604651,Middle,1000-1499,1-499
422,1175,810,91200,77.61702127659575,112.5925925925926,High,1000-1499,500-999
423,1395,920,90940,65.18996415770609,98.84782608695652,Middle,1000-1499,500-999
424,1443,880,49330,34.18572418572418,56.05681818181818,Low,1000-1499,500-999
425,1247,1350,53500,42.90296712109062,39.629629629629626,Middle,1000-1499,1000-inf
426,1788,1000,54590,30.53131991051454,54.59,Low,1500-inf,1000-inf
427,1138,1220,57450,50.48330404217926,47.09016393442623,Middle,1000-1499,1000-inf
428,1709,430,33240,19.449970743124634,77.30232558139535,Low,1500-inf,1-499
429,1777,520,80790,45.46426561620709,155.3653846153846,Middle,1500-inf,500-999
430,1612,580,61000,37.84119106699752,105.17241379310344,Low,1500-inf,500-999
431,1618,460,47620,29.431396786155748,103.52173913043478,Low,1500-inf,1-499
432,1311,470,72090,54.98855835240275,153.38297872340425,Middle,1000-1499,1-499
433,1365,680,102920,75.3992673992674,151.35294117647058,High,1000-1499,500-999
434,1249,950,61970,49.61569255404324,65.23157894736842,Middle,1000-1499,500-999
435,1373,840,61040,44.45739257101239,72.66666666666667,Middle,1000-1499,500-999
436,1536,990,52060,33.893229166666664,52.58585858585859,Low,1500-inf,500-999
437,1744,520,69570,39.89105504587156,133.78846153846155,Middle,1500-inf,500-999
438,1513,520,66020,43.63516192994052,126.96153846153848,Middle,1500-inf,500-999
439,1297,1070,40000,30.840400925212027,37.38317757009346,Low,1000-1499,1000-inf
440,1908,990,79500,41.66666666666666,80.3030303030303,Middle,1500-inf,500-999
441,1721,710,76300,44.33468913422429,107.46478873239435,Middle,1500-inf,500-999
442,1243,430,69030,55.534995977473855,160.53488372093022,Middle,1000-1499,1-499
443,1472,1290,57140,38.817934782608695,44.29457364341085,Low,1000-1499,1000-inf
444,1307,1080,41710,31.912777352716144,38.62037037037037,Low,1000-1499,1000-inf
445,1628,890,71480,43.90663390663391,80.31460674157303,Middle,1500-inf,500-999
446,1556,1000,33010,21.2146529562982,33.01,Low,1500-inf,1000-inf
447,1179,1290,74570,63.24851569126378,57.8062015503876,Middle,1000-1499,1000-inf
448,1768,860,49590,28.04864253393665,57.66279069767442,Low,1500-inf,500-999
449,1378,1010,73170,53.09869375907112,72.44554455445545,Middle,1000-1499,1000-inf
450,1685,1160,79220,47.01483679525222,68.29310344827586,Middle,1500-inf,1000-inf
451,1474,880,75880,51.47896879240163,86.22727272727273,Middle,1000-1499,500-999
452,1794,670,67610,37.686733556298776,100.91044776119404,Low,1500-inf,500-999
453,1086,930,69090,63.61878453038674,74.29032258064517,Middle,1000-1499,500-999
454,1808,990,35220,19.48008849557522,35.57575757575758,Low,1500-inf,500-999
455,1501,450,53940,35.936042638241176,119.86666666666666,Low,1500-inf,1-499
456,1353,690,56660,41.87730968218773,82.1159420289855,Middle,1000-1499,500-999
457,1455,650,67520,46.40549828178694,103.87692307692308,Middle,1000-1499,500-999
458,1165,1020,38620,33.15021459227468,37.86274509803921,Low,1000-1499,1000-inf
459,1332,880,38890,29.196696696696694,44.19318181818182,Low,1000-1499,500-999
460,1396,760,79270,56.7836676217765,104.30263157894736,Middle,1000-1499,500-999
461,1513,690,42880,28.341044282881693,62.14492753623188,Low,1500-inf,500-999
462,1618,630,44240,27.34239802224969,70.22222222222223,Low,1500-inf,500-999
463,1845,370,43190,23.40921409214092,116.72972972972973,Low,1500-inf,1-499
464,1172,460,74550,63.60921501706485,162.06521739130434,Middle,1000-1499,1-499
465,1436,770,57090,39.75626740947075,74.14285714285714,Middle,1000-1499,500-999
466,1738,750,56480,32.497123130034524,75.30666666666667,Low,1500-inf,500-999
467,2229,660,87410,39.21489457155676,132.43939393939394,Low,1500-inf,500-999
468,1490,730,81370,54.61073825503356,111.46575342465754,Middle,1000-1499,500-999
469,1060,670,97360,91.8490566037736,145.3134328358209,High,1000-1499,500-999
470,2015,680,77960,38.68982630272953,114.6470588235294,Low,1500-inf,500-999
471,1611,960,71240,44.22098075729361,74.20833333333333,Middle,1500-inf,500-999
472,1187,1230,58940,49.654591406908175,47.91869918699187,Middle,1000-1499,1000-inf
473,1430,800,78950,55.20979020979021,98.6875,Middle,1000-1499,500-999
474,1543,450,36380,23.57744653272845,80.84444444444445,Low,1500-inf,1-499
475,1836,940,45160,24.59694989106754,48.04255319148936,Low,1500-inf,500-999
476,1463,1060,69050,47.19753930280246,65.14150943396227,Middle,1000-1499,1000-inf
477,1213,560,56830,46.85078318219291,101.48214285714286,Middle,1000-1499,500-999
478,1244,860,93530,75.18488745980707,108.75581395348836,High,1000-1499,500-999
479,1745,730,46920,26.888252148997136,64.27397260273973,Low,1500-inf,500-999
480,933,940,55990,60.01071811361201,59.56382978723404,Middle,1-999,500-999
481,1764,920,40840,23.151927437641724,44.391304347826086,Low,1500-inf,500-999
482,1675,1050,64990,38.8,61.89523809523809,Low,1500-inf,1000-inf
483,1688,380,53550,31.723933649289098,140.92105263157896,Low,1500-inf,1-499
484,1842,930,51320,27.86102062975027,55.18279569892473,Low,1500-inf,500-999
485,1316,980,36560,27.78115501519757,37.30612244897959,Low,1000-1499,500-999
486,1440,580,66050,45.86805555555556,113.8793103448276,Middle,1000-1499,500-999
487,1760,680,52400,29.772727272727277,77.05882352941177,Low,1500-inf,500-999
488,1323,850,27970,21.14134542705971,32.90588235294118,Low,1000-1499,500-999
489,1230,730,67100,54.552845528455286,91.91780821917808,Middle,1000-1499,500-999
490,1540,570,43710,28.383116883116884,76.6842105263158,Low,1500-inf,500-999
491,1167,620,38600,33.07626392459297,62.25806451612903,Low,1000-1499,500-999
492,1429,890,53890,37.71168649405178,60.550561797752806,Low,1000-1499,500-999
493,1491,800,52610,35.28504359490275,65.7625,Low,1000-1499,500-999
494,1313,920,43130,32.848438690022846,46.880434782608695,Low,1000-1499,500-999
495,1609,920,40300,25.04661280298322,43.80434782608695,Low,1500-inf,500-999
496,1109,760,49750,44.860234445446345,65.46052631578948,Middle,1000-1499,500-999
497,1207,500,43840,36.32145816072908,87.68,Low,1000-1499,500-999
498,902,680,56820,62.99334811529933,83.55882352941177,Middle,1-999,500-999
499,1191,770,36350,30.52057094878253,47.20779220779221,Low,1000-1499,500-999
500,1335,460,50820,38.06741573033708,110.47826086956522,Low,1000-1499,1-499
501,1382,1070,83720,60.57887120115775,78.24299065420561,Middle,1000-1499,1000-inf
502,1588,450,46970,29.57808564231738,104.37777777777778,Low,1500-inf,1-499
503,1918,310,78020,40.67778936392075,251.67741935483872,Middle,1500-inf,1-499
504,1484,880,45080,30.37735849056604,51.22727272727273,Low,1000-1499,500-999
505,1334,370,55160,41.34932533733134,149.0810810810811,Middle,1000-1499,1-499
506,1556,760,72020,46.2853470437018,94.76315789473684,Middle,1500-inf,500-999
507,1784,950,64010,35.880044843049326,67.37894736842105,Low,1500-inf,500-999
508,1244,890,27840,22.379421221864952,31.280898876404493,Low,1000-1499,500-999
509,1496,800,58070,38.8168449197861,72.5875,Low,1000-1499,500-999
510,1719,700,51760,30.110529377545085,73.94285714285714,Low,1500-inf,500-999
511,1678,1050,66050,39.36233611442193,62.90476190476191,Low,1500-inf,1000-inf
512,1247,330,65750,52.72654370489174,199.24242424242425,Middle,1000-1499,1-499
513,1191,980,65820,55.26448362720403,67.16326530612245,Middle,1000-1499,500-999
514,1832,1090,46760,25.524017467248907,42.89908256880734,Low,1500-inf,1000-inf
515,1271,1140,50940,40.0786782061369,44.68421052631579,Middle,1000-1499,1000-inf
516,1735,820,56440,32.53025936599423,68.82926829268293,Low,1500-inf,500-999
517,1627,890,32610,20.04302397049785,36.640449438202246,Low,1500-inf,500-999
518,1351,650,62770,46.46188008882309,96.56923076923076,Middle,1000-1499,500-999
519,1520,850,63600,41.8421052631579,74.82352941176471,Middle,1500-inf,500-999
520,1490,360,45840,30.76510067114094,127.33333333333331,Low,1000-1499,1-499
521,1777,780,38280,21.541924592009003,49.07692307692308,Low,1500-inf,500-999
522,1688,590,50960,30.18957345971564,86.37288135593221,Low,1500-inf,500-999
523,1537,670,39480,25.68640208197788,58.92537313432836,Low,1500-inf,500-999
524,1622,340,69610,42.91615289765721,204.73529411764707,Middle,1500-inf,1-499
525,1148,730,47800,41.6376306620209,65.47945205479452,Middle,1000-1499,500-999
526,1001,1210,44890,44.845154845154845,37.099173553719005,Middle,1000-1499,1000-inf
527,1857,1280,67420,36.30586968228325,52.671875,Low,1500-inf,1000-inf
528,1552,710,78870,50.81829896907217,111.08450704225352,Middle,1500-inf,500-999
529,1700,940,70310,41.358823529411765,74.79787234042553,Middle,1500-inf,500-999
530,1554,670,38530,24.7940797940798,57.507462686567166,Low,1500-inf,500-999
531,1482,800,77570,52.341430499325234,96.9625,Middle,1000-1499,500-999
532,1275,790,59920,46.99607843137255,75.84810126582279,Middle,1000-1499,500-999
533,1642,720,54450,33.160779537149814,75.625,Low,1500-inf,500-999
534,1381,1270,50250,36.38667632150616,39.56692913385827,Low,1000-1499,1000-inf
535,1381,930,30790,22.295438088341783,33.10752688172043,Low,1000-1499,500-999
536,1057,1490,35420,33.50993377483444,23.77181208053691,Low,1000-1499,1000-inf
537,1192,810,43470,36.468120805369125,53.66666666666666,Low,1000-1499,500-999
538,1601,600,61000,38.10118675827608,101.66666666666669,Low,1500-inf,500-999
539,1622,210,64780,39.9383477188656,308.4761904761905,Middle,1500-inf,1-499
540,1607,460,39030,24.2874922215308,84.84782608695652,Low,1500-inf,1-499
541,2214,740,65900,29.76513098464318,89.05405405405405,Low,1500-inf,500-999
542,1633,1320,46050,28.19963257807716,34.88636363636363,Low,1500-inf,1000-inf
543,1546,760,59070,38.20827943078913,77.72368421052632,Low,1500-inf,500-999
544,1475,920,44670,30.284745762711864,48.55434782608695,Low,1000-1499,500-999
545,1270,920,58390,45.976377952755904,63.46739130434783,Middle,1000-1499,500-999
546,1185,880,80370,67.82278481012658,91.32954545454544,Middle,1000-1499,500-999
547,1614,1110,53230,32.98017348203222,47.95495495495496,Low,1500-inf,1000-inf
548,1141,1370,72000,63.10254163014899,52.55474452554745,Middle,1000-1499,1000-inf
549,1244,410,84040,67.55627009646302,204.97560975609755,Middle,1000-1499,1-499
550,869,850,52540,60.46029919447641,61.811764705882354,Middle,1-999,500-999
551,2049,720,63510,30.995607613469986,88.20833333333333,Low,1500-inf,500-999
552,1883,570,42240,22.432288900690388,74.10526315789474,Low,1500-inf,500-999
553,1526,690,39580,25.937090432503275,57.36231884057971,Low,1500-inf,500-999
554,1165,1220,54610,46.8755364806867,44.76229508196721,Middle,1000-1499,1000-inf
555,1832,840,87330,47.66921397379912,103.96428571428572,Middle,1500-inf,500-999
556,1723,560,88410,51.311665699361576,157.875,Middle,1500-inf,500-999
557,932,820,89760,96.30901287553648,109.46341463414636,High,1-999,500-999
558,1137,700,101780,89.51627088830256,145.4,High,1000-1499,500-999
559,1231,810,70290,57.09991876523152,86.77777777777777,Middle,1000-1499,500-999
560,1237,1070,88210,71.30962004850444,82.4392523364486,High,1000-1499,1000-inf
561,1371,540,87160,63.57403355215171,161.40740740740742,Middle,1000-1499,500-999
562,1767,530,41540,23.50877192982456,78.37735849056604,Low,1500-inf,500-999
563,1748,580,49170,28.12929061784897,84.77586206896552,Low,1500-inf,500-999
564,1212,500,63950,52.76402640264026,127.9,Middle,1000-1499,500-999
565,1466,1200,70810,48.30150068212824,59.00833333333333,Middle,1000-1499,1000-inf
566,1152,980,49590,43.046875,50.60204081632653,Middle,1000-1499,500-999
567,1439,1000,67290,46.76164002779708,67.29,Middle,1000-1499,1000-inf
568,2026,720,51240,25.29121421520237,71.16666666666667,Low,1500-inf,500-999
569,1772,1030,48540,27.392776523702032,47.12621359223301,Low,1500-inf,1000-inf
570,1511,420,72410,47.92190602250165,172.4047619047619,Middle,1500-inf,1-499
571,1199,1070,54370,45.34612176814012,50.81308411214953,Middle,1000-1499,1000-inf
572,1834,830,94460,51.50490730643402,113.80722891566263,Middle,1500-inf,500-999
573,1143,940,85160,74.50568678915135,90.59574468085108,High,1000-1499,500-999
574,1494,550,52130,34.89290495314592,94.78181818181818,Low,1000-1499,500-999
575,1770,1140,54650,30.875706214689263,47.93859649122807,Low,1500-inf,1000-inf
576,1455,750,69320,47.6426116838488,92.42666666666666,Middle,1000-1499,500-999
577,1141,620,51480,45.11831726555653,83.03225806451613,Middle,1000-1499,500-999
578,1586,660,50060,31.563682219419924,75.84848484848484,Low,1500-inf,500-999
579,1701,660,62180,36.55496766607877,94.21212121212122,Low,1500-inf,500-999
580,1860,410,79780,42.89247311827957,194.58536585365852,Middle,1500-inf,1-499
581,1167,440,42860,36.72664952870608,97.4090909090909,Low,1000-1499,1-499
582,1424,630,54410,38.20926966292135,86.36507936507937,Low,1000-1499,500-999
583,1710,730,69390,40.578947368421055,95.05479452054794,Middle,1500-inf,500-999
584,1408,220,42810,30.404829545454547,194.5909090909091,Low,1000-1499,1-499
585,1517,610,30840,20.3295978905735,50.55737704918032,Low,1500-inf,500-999
586,1227,720,56260,45.851670741646295,78.13888888888889,Middle,1000-1499,500-999
587,1609,740,76470,47.52641392169049,103.33783783783784,Middle,1500-inf,500-999
588,1553,740,35680,22.97488731487444,48.21621621621622,Low,1500-inf,500-999
589,1814,770,90070,49.65270121278942,116.97402597402598,Middle,1500-inf,500-999
590,1240,590,33120,26.70967741935484,56.13559322033898,Low,1000-1499,500-999
591,1206,1330,54060,44.82587064676617,40.64661654135338,Middle,1000-1499,1000-inf
592,1847,910,75120,40.67135896047645,82.54945054945055,Middle,1500-inf,500-999
593,1009,330,41600,41.22893954410307,126.06060606060606,Middle,1000-1499,1-499
594,1624,870,20270,12.48152709359606,23.298850574712645,Low,1500-inf,500-999
595,1612,790,60060,37.25806451612903,76.0253164556962,Low,1500-inf,500-999
596,1498,1270,82270,54.91989319092123,64.77952755905511,Middle,1000-1499,1000-inf
597,946,590,29170,30.83509513742072,49.440677966101696,Low,1-999,500-999
598,1563,1080,68420,43.77479206653871,63.351851851851855,Middle,1500-inf,1000-inf
599,1664,830,59130,35.53485576923077,71.24096385542168,Low,1500-inf,500-999
600,1619,910,74330,45.91105620753552,81.68131868131869,Middle,1500-inf,500-999
601,1433,830,77080,53.78925331472436,92.86746987951808,Middle,1000-1499,500-999
602,1241,1380,76250,61.44238517324738,55.2536231884058,Middle,1000-1499,1000-inf
603,1429,1180,59540,41.66550034989504,50.45762711864407,Middle,1000-1499,1000-inf
604,1241,770,54690,44.06929895245769,71.02597402597402,Middle,1000-1499,500-999
605,1078,680,84360,78.25602968460112,124.05882352941175,High,1000-1499,500-999
606,1690,910,51420,30.42603550295858,56.5054945054945,Low,1500-inf,500-999
607,1289,540,65120,50.519782777346784,120.5925925925926,Middle,1000-1499,500-999
608,1581,760,49380,31.23339658444023,64.97368421052632,Low,1500-inf,500-999
609,1608,760,37830,23.526119402985078,49.776315789473685,Low,1500-inf,500-999
610,1344,730,35980,26.77083333333333,49.28767123287671,Low,1000-1499,500-999
611,1513,430,69190,45.73033707865169,160.90697674418604,Middle,1500-inf,1-499
612,1529,1000,50590,33.08698495748855,50.59,Low,1500-inf,1000-inf
613,1677,660,60800,36.255217650566486,92.12121212121212,Low,1500-inf,500-999
614,1015,930,31180,30.7192118226601,33.526881720430104,Low,1000-1499,500-999
615,1438,760,77790,54.09596662030598,102.35526315789474,Middle,1000-1499,500-999
616,1426,370,47570,33.35904628330996,128.56756756756758,Low,1000-1499,1-499
617,1412,630,69130,48.95892351274787,109.73015873015872,Middle,1000-1499,500-999
618,1622,360,75970,46.83723797780518,211.02777777777777,Middle,1500-inf,1-499
619,1503,630,68350,45.47571523619428,108.4920634920635,Middle,1500-inf,500-999
620,1501,670,41680,27.76815456362425,62.208955223880594,Low,1500-inf,500-999
621,1971,690,86560,43.916793505834605,125.44927536231884,Middle,1500-inf,500-999
622,1383,830,81390,58.85032537960954,98.06024096385542,Middle,1000-1499,500-999
623,1371,720,50730,37.00218818380744,70.45833333333333,Low,1000-1499,500-999
624,1508,520,71290,47.274535809018566,137.09615384615384,Middle,1500-inf,500-999
625,1057,750,70110,66.32923368022706,93.48,Middle,1000-1499,500-999
626,1411,1070,61590,43.649893692416725,57.5607476635514,Middle,1000-1499,1000-inf
627,1466,590,69370,47.31923601637108,117.57627118644068,Middle,1000-1499,500-999
628,1545,600,67110,43.43689320388349,111.85,Middle,1500-inf,500-999
629,2044,380,82020,40.12720156555773,215.8421052631579,Middle,1500-inf,1-499
630,1887,830,62050,32.88288288288288,74.75903614457832,Low,1500-inf,500-999
631,1505,940,61730,41.01661129568107,65.67021276595744,Middle,1500-inf,500-999
632,1422,560,58660,41.251758087201125,104.75,Middle,1000-1499,500-999
633,1564,1030,53370,34.12404092071611,51.81553398058252,Low,1500-inf,1000-inf
634,1510,730,39700,26.29139072847682,54.38356164383562,Low,1500-inf,500-999
635,1568,890,53750,34.27933673469388,60.39325842696629,Low,1500-inf,500-999
636,1933,1140,44730,23.14019658561821,39.23684210526316,Low,1500-inf,1000-inf
637,1501,590,49350,32.87808127914724,83.64406779661017,Low,1500-inf,500-999
638,1593,580,43340,27.206528562460765,74.72413793103448,Low,1500-inf,500-999
639,1812,310,78090,43.09602649006622,251.9032258064516,Middle,1500-inf,1-499
640,1580,720,54950,34.778481012658226,76.31944444444444,Low,1500-inf,500-999
641,1440,490,75530,52.451388888888886,154.14285714285714,Middle,1000-1499,1-499
642,1100,1010,57330,52.11818181818182,56.76237623762376,Middle,1000-1499,1000-inf
643,1534,680,87930,57.32073011734029,129.30882352941177,Middle,1500-inf,500-999
644,1299,1020,56850,43.764434180138565,55.73529411764706,Middle,1000-1499,1000-inf
645,1767,1050,78430,44.3859649122807,74.6952380952381,Middle,1500-inf,1000-inf
646,1368,740,63660,46.53508771929825,86.02702702702703,Middle,1000-1499,500-999
647,1393,410,62960,45.19741564967696,153.5609756097561,Middle,1000-1499,1-499
648,1327,770,81870,61.69555388093444,106.32467532467533,Middle,1000-1499,500-999
649,1514,1400,54820,36.20871862615588,39.15714285714286,Low,1500-inf,1000-inf
650,1989,860,116320,58.48164906988436,135.25581395348837,Middle,1500-inf,500-999
651,1334,840,57200,42.87856071964018,68.0952380952381,Middle,1000-1499,500-999
652,1533,950,84360,55.0293542074364,88.8,Middle,1500-inf,500-999
653,1809,940,36530,20.1934770591487,38.861702127659576,Low,1500-inf,500-999
654,1607,930,81260,50.56627255756067,87.3763440860215,Middle,1500-inf,500-999
655,1165,1060,82350,70.68669527896996,77.68867924528301,High,1000-1499,1000-inf
656,1193,560,80830,67.75356244761106,144.33928571428572,Middle,1000-1499,500-999
657,1709,670,30610,17.911059098888238,45.6865671641791,Low,1500-inf,500-999
658,1525,540,51310,33.64590163934426,95.01851851851852,Low,1500-inf,500-999
659,1348,1010,72940,54.10979228486647,72.21782178217822,Middle,1000-1499,1000-inf
660,1132,1340,52450,46.3339222614841,39.14179104477612,Middle,1000-1499,1000-inf
661,1667,980,66070,39.63407318536293,67.41836734693878,Middle,1500-inf,500-999
662,1427,630,43190,30.26629292221444,68.55555555555556,Low,1000-1499,500-999
663,1211,1110,40730,33.63336085879438,36.693693693693696,Low,1000-1499,1000-inf
664,1717,700,78530,45.7367501456028,112.18571428571428,Middle,1500-inf,500-999
665,1766,580,94690,53.618346545866366,163.25862068965515,Middle,1500-inf,500-999
666,1086,1050,44400,40.88397790055249,42.285714285714285,Middle,1000-1499,1000-inf
667,1410,790,73800,52.340425531914896,93.41772151898734,Middle,1000-1499,500-999
668,1476,600,37390,25.3319783197832,62.31666666666667,Low,1000-1499,500-999
669,1068,440,64120,60.0374531835206,145.72727272727272,Middle,1000-1499,1-499
670,1485,1340,66160,44.55218855218856,49.37313432835821,Middle,1000-1499,1000-inf
671,1461,1250,22310,15.270362765229295,17.848,Low,1000-1499,1000-inf
672,1685,990,62380,37.02077151335312,63.01010101010101,Low,1500-inf,500-999
673,1624,290,63850,39.316502463054185,220.17241379310343,Low,1500-inf,1-499
674,1658,350,36210,21.83956574185766,103.45714285714286,Low,1500-inf,1-499
675,1427,210,54590,38.25508058864751,259.95238095238096,Low,1000-1499,1-499
676,1755,810,69610,39.66381766381766,85.93827160493827,Middle,1500-inf,500-999
677,1211,790,65390,53.99669694467382,82.77215189873418,Middle,1000-1499,500-999
678,1591,780,78130,49.10747957259585,100.16666666666669,Middle,1500-inf,500-999
679,1797,730,55710,31.001669449081803,76.31506849315069,Low,1500-inf,500-999
680,1519,1040,69210,45.56287030941409,66.54807692307692,Middle,1500-inf,1000-inf
681,1637,760,59940,36.615760537568725,78.86842105263158,Low,1500-inf,500-999
682,1451,570,72550,50.0,127.28070175438596,Middle,1000-1499,500-999
683,1203,620,44260,36.791354945968415,71.38709677419355,Low,1000-1499,500-999
684,1884,310,56910,30.20700636942675,183.58064516129036,Low,1500-inf,1-499
685,1540,310,82390,53.5,265.7741935483871,Middle,1500-inf,1-499
686,1121,790,54590,48.697591436217664,69.10126582278481,Middle,1000-1499,500-999
687,1307,490,69990,53.550114766641165,142.83673469387756,Middle,1000-1499,1-499
688,1475,230,72740,49.31525423728814,316.2608695652174,Middle,1000-1499,1-499
689,1160,900,35360,30.48275862068965,39.28888888888889,Low,1000-1499,500-999
690,1078,640,94370,87.5417439703154,147.453125,High,1000-1499,500-999
691,1191,840,43520,36.54072208228379,51.80952380952381,Low,1000-1499,500-999
692,1317,780,36000,27.33485193621868,46.15384615384615,Low,1000-1499,500-999
693,1548,480,99480,64.26356589147287,207.25,Middle,1500-inf,1-499
694,1560,1040,83220,53.34615384615385,80.01923076923077,Middle,1500-inf,1000-inf
695,1297,870,52940,40.81727062451812,60.85057471264368,Middle,1000-1499,500-999
696,1645,530,93360,56.753799392097264,176.1509433962264,Middle,1500-inf,500-999
697,1225,750,73590,60.073469387755104,98.12,Middle,1000-1499,500-999
698,1421,840,53840,37.88881069669247,64.0952380952381,Low,1000-1499,500-999
699,1655,800,47350,28.610271903323262,59.1875,Low,1500-inf,500-999
700,1615,660,65080,40.29721362229103,98.6060606060606,Middle,1500-inf,500-999
701,1872,560,62050,33.14636752136752,110.80357142857144,Low,1500-inf,500-999
702,1317,910,30020,22.79422930903569,32.989010989010985,Low,1000-1499,500-999
703,1434,480,49510,34.5258019525802,103.14583333333331,Low,1000-1499,1-499
704,1791,700,64320,35.91289782244556,91.88571428571429,Low,1500-inf,500-999
705,932,660,35590,38.18669527896996,53.92424242424242,Low,1-999,500-999
706,1609,1170,63050,39.1858297078931,53.888888888888886,Low,1500-inf,1000-inf
707,1495,1020,65300,43.67892976588629,64.01960784313725,Middle,1000-1499,1000-inf
708,1769,580,69560,39.32165065008479,119.93103448275862,Low,1500-inf,500-999
709,1693,610,41910,24.75487300649734,68.70491803278688,Low,1500-inf,500-999
710,1247,590,28330,22.718524458700884,48.01694915254237,Low,1000-1499,500-999
711,1502,190,55980,37.27030625832224,294.63157894736844,Low,1500-inf,1-499
712,1360,490,61080,44.91176470588236,124.6530612244898,Middle,1000-1499,1-499
713,1542,680,51380,33.320363164721144,75.55882352941177,Low,1500-inf,500-999
714,1631,670,84410,51.75352544451257,125.98507462686568,Middle,1500-inf,500-999
715,1246,1070,60680,48.69983948635634,56.71028037383178,Middle,1000-1499,1000-inf
716,1990,1110,64690,32.50753768844221,58.27927927927928,Low,1500-inf,1000-inf
717,967,560,45780,47.34229576008273,81.75,Middle,1-999,500-999
718,1582,1100,41800,26.422250316055624,38.0,Low,1500-inf,1000-inf
719,1430,970,53230,37.22377622377623,54.876288659793815,Low,1000-1499,500-999
720,1827,930,36160,19.792008757526,38.88172043010753,Low,1500-inf,500-999
721,1118,1040,40450,36.18067978533095,38.89423076923077,Low,1000-1499,1000-inf
722,1766,1120,57910,32.7916194790487,51.705357142857146,Low,1500-inf,1000-inf
723,1799,910,36280,20.16675931072818,39.86813186813187,Low,1500-inf,500-999
724,1167,440,39190,33.58183376178235,89.06818181818181,Low,1000-1499,1-499
725,1493,530,62380,41.78164768921634,117.69811320754717,Middle,1000-1499,500-999
726,1445,900,21470,14.858131487889274,23.855555555555554,Low,1000-1499,500-999
727,1033,740,34610,33.50435624394966,46.770270270270274,Low,1000-1499,500-999
728,1440,1020,88120,61.19444444444444,86.3921568627451,Middle,1000-1499,1000-inf
729,1487,970,59190,39.80497646267653,61.02061855670103,Middle,1000-1499,500-999
730,1854,890,36290,19.573894282632143,40.7752808988764,Low,1500-inf,500-999
731,1748,550,53760,30.755148741418765,97.74545454545456,Low,1500-inf,500-999
732,1937,520,66300,34.22818791946309,127.5,Low,1500-inf,500-999
733,1641,950,93000,56.672760511883,97.89473684210526,Middle,1500-inf,500-999
734,1659,650,65660,39.57805907172996,101.01538461538462,Middle,1500-inf,500-999
735,1743,860,81930,47.00516351118761,95.26744186046513,Middle,1500-inf,500-999
736,1449,320,60060,41.44927536231884,187.6875,Middle,1000-1499,1-499
737,1098,860,59530,54.21675774134791,69.22093023255815,Middle,1000-1499,500-999
738,1121,900,46380,41.37377341659233,51.53333333333333,Middle,1000-1499,500-999
739,1526,550,76200,49.93446920052425,138.54545454545453,Middle,1500-inf,500-999
740,1358,770,56860,41.87039764359352,73.84415584415585,Middle,1000-1499,500-999
741,1336,710,86620,64.83532934131736,122.0,Middle,1000-1499,500-999
742,1502,840,49730,33.10918774966711,59.20238095238095,Low,1500-inf,500-999
743,1534,860,88370,57.60756192959583,102.75581395348836,Middle,1500-inf,500-999
744,1418,870,49160,34.66854724964739,56.50574712643678,Low,1000-1499,500-999
745,854,660,77740,91.0304449648712,117.78787878787878,High,1-999,500-999
746,1450,930,38560,26.593103448275865,41.46236559139785,Low,1000-1499,500-999
747,1474,1020,51990,35.27137042062415,50.97058823529412,Low,1000-1499,1000-inf
748,1524,1190,39970,26.22703412073491,33.588235294117645,Low,1500-inf,1000-inf
749,1361,1140,46040,33.82806759735489,40.3859649122807,Low,1000-1499,1000-inf
750,1398,490,49500,35.407725321888414,101.0204081632653,Low,1000-1499,1-499
751,1085,1170,76670,70.66359447004608,65.52991452991454,High,1000-1499,1000-inf
752,1660,480,75800,45.66265060240964,157.91666666666666,Middle,1500-inf,1-499
753,1648,930,81720,49.5873786407767,87.87096774193549,Middle,1500-inf,500-999
754,1453,890,58440,40.220233998623534,65.66292134831461,Middle,1000-1499,500-999
755,1323,680,85720,64.79213907785336,126.05882352941175,Middle,1000-1499,500-999
756,1385,740,70940,51.2202166064982,95.86486486486488,Middle,1000-1499,500-999
757,1250,990,62420,49.936,63.05050505050505,Middle,1000-1499,500-999
758,1389,680,56880,40.95032397408208,83.6470588235294,Middle,1000-1499,500-999
759,1486,820,101820,68.51951547779274,124.17073170731707,High,1000-1499,500-999
760,1655,440,86890,52.50151057401813,197.47727272727272,Middle,1500-inf,1-499
761,1645,900,47300,28.753799392097264,52.55555555555556,Low,1500-inf,500-999
762,1464,1080,31270,21.35928961748634,28.953703703703702,Low,1000-1499,1000-inf
763,1197,830,65410,54.64494569757728,78.80722891566265,Middle,1000-1499,500-999
764,1878,310,54200,28.8604898828541,174.83870967741936,Low,1500-inf,1-499
765,1150,730,67390,58.6,92.31506849315068,Middle,1000-1499,500-999
766,1562,740,54530,34.91037131882202,73.6891891891892,Low,1500-inf,500-999
767,1596,960,79760,49.9749373433584,83.08333333333333,Middle,1500-inf,500-999
768,1119,790,78060,69.75871313672923,98.81012658227849,High,1000-1499,500-999
769,1116,700,74080,66.37992831541219,105.82857142857142,Middle,1000-1499,500-999
770,1934,750,52990,27.39917269906929,70.65333333333334,Low,1500-inf,500-999
771,1299,590,70580,54.33410315627405,119.6271186440678,Middle,1000-1499,500-999
772,1417,570,34310,24.213126323218063,60.19298245614035,Low,1000-1499,500-999
773,1235,660,74160,60.04858299595141,112.36363636363636,Middle,1000-1499,500-999
774,1497,700,59190,39.53907815631263,84.55714285714286,Middle,1000-1499,500-999
775,1430,1070,43370,30.32867132867133,40.53271028037384,Low,1000-1499,1000-inf
776,1537,660,17670,11.496421600520495,26.772727272727277,Low,1500-inf,500-999
777,1444,840,56710,39.272853185595565,67.51190476190476,Low,1000-1499,500-999
778,1477,850,59820,40.50101557210562,70.37647058823529,Middle,1000-1499,500-999
779,1041,600,36190,34.764649375600385,60.31666666666667,Low,1000-1499,500-999
780,1226,710,60440,49.29853181076672,85.12676056338029,Middle,1000-1499,500-999
781,1489,450,75300,50.57085292142377,167.33333333333334,Middle,1000-1499,1-499
782,1549,740,74080,47.82440284054229,100.10810810810813,Middle,1500-inf,500-999
783,1073,1240,60440,56.32805219012116,48.74193548387097,Middle,1000-1499,1000-inf
784,1473,570,80720,54.79972844534963,141.6140350877193,Middle,1000-1499,500-999
785,2013,580,47060,23.37804272230502,81.13793103448276,Low,1500-inf,500-999
786,1975,450,86830,43.96455696202532,192.95555555555555,Middle,1500-inf,1-499
787,1561,790,56790,36.38052530429212,71.88607594936708,Low,1500-inf,500-999
788,1427,1040,67090,47.01471618780658,64.50961538461539,Middle,1000-1499,1000-inf
789,1441,670,44370,30.7911172796669,66.22388059701493,Low,1000-1499,500-999
790,1275,370,82970,65.07450980392157,224.24324324324328,Middle,1000-1499,1-499
791,1574,620,56230,35.72426937738246,90.69354838709675,Low,1500-inf,500-999
792,1511,1010,53760,35.57908669755129,53.227722772277225,Low,1500-inf,1000-inf
793,1428,550,55390,38.78851540616247,100.7090909090909,Low,1000-1499,500-999
794,1388,800,73500,52.95389048991355,91.875,Middle,1000-1499,500-999
795,1057,610,41050,38.83632923368023,67.29508196721312,Low,1000-1499,500-999
796,1440,1090,67320,46.75,61.76146788990825,Middle,1000-1499,1000-inf
797,1349,700,65890,48.84358784284655,94.12857142857143,Middle,1000-1499,500-999
798,1536,830,56380,36.70572916666666,67.92771084337349,Low,1500-inf,500-999
799,2019,850,85670,42.431896978702326,100.78823529411764,Middle,1500-inf,500-999
800,1236,1260,70830,57.30582524271845,56.21428571428572,Middle,1000-1499,1000-inf
801,1436,1030,48180,33.551532033426184,46.77669902912621,Low,1000-1499,1000-inf
802,1862,1160,51910,27.878625134264237,44.75,Low,1500-inf,1000-inf
803,1200,880,44320,36.93333333333333,50.36363636363637,Low,1000-1499,500-999
804,1360,420,58940,43.338235294117645,140.33333333333334,Middle,1000-1499,1-499
805,1722,770,73610,42.746806039488966,95.5974025974026,Middle,1500-inf,500-999
806,1577,910,54060,34.280279010779964,59.40659340659341,Low,1500-inf,500-999
807,1850,1110,85000,45.94594594594594,76.57657657657657,Middle,1500-inf,1000-inf
808,1447,510,49030,33.88389771941949,96.1372549019608,Low,1000-1499,500-999
809,1496,780,63300,42.31283422459893,81.15384615384616,Middle,1000-1499,500-999
810,1679,790,84300,50.20845741512805,106.70886075949367,Middle,1500-inf,500-999
811,994,1090,81390,81.88128772635815,74.6697247706422,High,1-999,1000-inf
812,1354,1270,95900,70.8271787296898,75.51181102362204,High,1000-1499,1000-inf
813,1597,1260,71830,44.97808390732624,57.007936507936506,Middle,1500-inf,1000-inf
814,1873,330,79310,42.34383342231714,240.33333333333331,Middle,1500-inf,1-499
815,1218,540,87890,72.15927750410509,162.75925925925927,High,1000-1499,500-999
816,1458,720,48610,33.34019204389575,67.51388888888889,Low,1000-1499,500-999
817,1546,670,73160,47.32212160413972,109.19402985074628,Middle,1500-inf,500-999
818,1608,770,36280,22.562189054726367,47.11688311688312,Low,1500-inf,500-999
819,1822,860,49720,27.288693743139408,57.81395348837209,Low,1500-inf,500-999
820,1716,410,44400,25.874125874125877,108.29268292682929,Low,1500-inf,1-499
821,1072,900,47590,44.39365671641791,52.87777777777778,Middle,1000-1499,500-999
822,1330,480,51460,38.69172932330827,107.20833333333331,Low,1000-1499,1-499
823,1588,540,57750,36.36649874055416,106.94444444444444,Low,1500-inf,500-999
824,1425,760,66000,46.31578947368421,86.84210526315789,Middle,1000-1499,500-999
825,1778,280,45950,25.843644544431942,164.10714285714286,Low,1500-inf,1-499
826,1363,1120,53900,39.54512105649303,48.125,Middle,1000-1499,1000-inf
827,1609,160,37920,23.567433188315725,237.0,Low,1500-inf,1-499
828,1671,620,63100,37.76181926989826,101.7741935483871,Low,1500-inf,500-999
829,1379,440,36770,26.664249456127628,83.56818181818181,Low,1000-1499,1-499
830,1218,870,43910,36.05090311986864,50.47126436781609,Low,1000-1499,500-999
831,1724,900,66390,38.5092807424594,73.76666666666667,Low,1500-inf,500-999
832,986,710,59160,60.0,83.32394366197182,Middle,1-999,500-999
833,1330,590,38510,28.954887218045112,65.27118644067797,Low,1000-1499,500-999
834,1437,910,46220,32.16423103688239,50.79120879120879,Low,1000-1499,500-999
835,1327,1320,41500,31.273549359457423,31.439393939393938,Low,1000-1499,1000-inf
836,1651,1000,58160,35.22713506965476,58.16,Low,1500-inf,1000-inf
837,1211,670,38530,31.81668042939719,57.507462686567166,Low,1000-1499,500-999
838,1916,610,55880,29.16492693110647,91.6065573770492,Low,1500-inf,500-999
839,1638,1050,70940,43.30891330891331,67.56190476190476,Middle,1500-inf,1000-inf
840,1172,480,53940,46.02389078498293,112.375,Middle,1000-1499,1-499
841,1350,770,43030,31.874074074074077,55.88311688311688,Low,1000-1499,500-999
842,1528,340,59820,39.14921465968586,175.94117647058823,Low,1500-inf,1-499
843,1305,580,55500,42.52873563218391,95.6896551724138,Middle,1000-1499,500-999
844,1463,900,49990,34.169514695830486,55.54444444444445,Low,1000-1499,500-999
845,1409,700,42980,30.50390347764372,61.4,Low,1000-1499,500-999
846,1419,860,65970,46.49048625792812,76.70930232558139,Middle,1000-1499,500-999
847,1535,540,59290,38.62540716612378,109.79629629629628,Low,1500-inf,500-999
848,1474,970,63020,42.75440976933514,64.96907216494846,Middle,1000-1499,500-999
849,919,1560,73810,80.31556039173014,47.31410256410256,High,1-999,1000-inf
850,2067,790,70230,33.97677793904209,88.89873417721519,Low,1500-inf,500-999
851,1977,1020,59950,30.32372281234193,58.77450980392157,Low,1500-inf,1000-inf
852,1293,790,78100,60.40216550657386,98.86075949367088,Middle,1000-1499,500-999
853,1477,880,16370,11.083276912660798,18.602272727272727,Low,1000-1499,500-999
854,1582,550,92640,58.55878634639696,168.43636363636364,Middle,1500-inf,500-999
855,1481,550,63540,42.90344361917623,115.52727272727272,Middle,1000-1499,500-999
856,1214,950,87220,71.84514003294893,91.81052631578947,High,1000-1499,500-999
857,1206,810,41990,34.817578772802655,51.83950617283951,Low,1000-1499,500-999
858,1653,390,79410,48.039927404718696,203.6153846153846,Middle,1500-inf,1-499
859,1152,860,54380,47.20486111111112,63.23255813953488,Middle,1000-1499,500-999
860,1458,850,58600,40.1920438957476,68.94117647058823,Middle,1000-1499,500-999
861,1249,660,48950,39.19135308246597,74.16666666666667,Low,1000-1499,500-999
862,1939,830,40670,20.974729241877256,49.0,Low,1500-inf,500-999
863,1591,640,52340,32.8975487115022,81.78125,Low,1500-inf,500-999
864,1180,750,39140,33.16949152542373,52.18666666666667,Low,1000-1499,500-999
865,1846,1170,41090,22.258938244853734,35.11965811965812,Low,1500-inf,1000-inf
866,780,790,25600,32.82051282051282,32.40506329113924,Low,1-999,500-999
867,1565,900,100900,64.47284345047923,112.11111111111111,Middle,1500-inf,500-999
868,1648,370,77080,46.771844660194176,208.32432432432432,Middle,1500-inf,1-499
869,1775,980,105150,59.23943661971831,107.29591836734694,Middle,1500-inf,500-999
870,1439,1170,80580,55.99722029186936,68.87179487179488,Middle,1000-1499,1000-inf
871,1487,800,46230,31.08944182918628,57.7875,Low,1000-1499,500-999
872,1800,1100,98260,54.58888888888889,89.32727272727273,Middle,1500-inf,1000-inf
873,1690,1070,75930,44.92899408284024,70.96261682242991,Middle,1500-inf,1000-inf
874,1209,830,52050,43.05210918114144,62.71084337349398,Middle,1000-1499,500-999
875,1859,1210,87000,46.799354491662186,71.90082644628099,Middle,1500-inf,1000-inf
876,1691,540,60270,35.64163217031342,111.61111111111111,Low,1500-inf,500-999
877,1259,100,88270,70.11119936457506,882.7,High,1000-1499,1-499
878,1771,820,57820,32.64822134387352,70.51219512195122,Low,1500-inf,500-999
879,1205,1210,61210,50.79668049792531,50.58677685950413,Middle,1000-1499,1000-inf
880,1792,810,76420,42.645089285714285,94.34567901234568,Middle,1500-inf,500-999
881,1263,780,70980,56.19952494061758,91.0,Middle,1000-1499,500-999
882,1344,1160,76740,57.098214285714285,66.15517241379311,Middle,1000-1499,1000-inf
883,1819,590,47920,26.34414513468939,81.22033898305085,Low,1500-inf,500-999
884,1357,1140,52160,38.43773028739867,45.75438596491228,Low,1000-1499,1000-inf
885,1396,690,32740,23.45272206303725,47.44927536231884,Low,1000-1499,500-999
886,1118,560,72270,64.6422182468694,129.05357142857142,Middle,1000-1499,500-999
887,1655,1150,77430,46.78549848942598,67.33043478260869,Middle,1500-inf,1000-inf
888,1156,140,92370,79.90484429065744,659.7857142857143,High,1000-1499,1-499
889,1451,670,34880,24.038594073053066,52.059701492537314,Low,1000-1499,500-999
890,1539,650,46580,30.26640675763483,71.66153846153846,Low,1500-inf,500-999
891,1549,1220,70620,45.59070367979341,57.885245901639344,Middle,1500-inf,1000-inf
892,1582,1080,66390,41.96586599241466,61.47222222222222,Middle,1500-inf,1000-inf
893,1387,850,82080,59.17808219178082,96.56470588235294,Middle,1000-1499,500-999
894,1200,1060,76440,63.7,72.11320754716981,Middle,1000-1499,1000-inf
895,1299,770,96610,74.37259430331024,125.46753246753246,High,1000-1499,500-999
896,1174,1110,54340,46.28620102214651,48.95495495495496,Middle,1000-1499,1000-inf
