Store ID ,Store Area,Items Available,Daily Customer Count,Store Sales,Sales per Store Area,Revenue per Customer,Sales-per-Store-Area-binned,Store-Area-binned,Customers-Count-binned
1,1659,1961,530,66490,40.07836045810729,125.45283018867924,Middle,1500-inf,500-999
2,1461,1752,210,39820,27.255304585900067,189.61904761904762,Low,1000-1499,1-499
3,1340,1609,720,54010,40.30597014925373,75.01388888888889,Middle,1000-1499,500-999
4,1451,1748,620,53730,37.02963473466575,86.66129032258064,Low,1000-1499,500-999
5,1770,2111,450,46620,26.338983050847457,103.6,Low,1500-inf,1-499
6,1442,1733,760,45260,31.386962552011095,59.55263157894737,Low,1000-1499,500-999
7,1542,1858,1030,72240,46.84824902723735,70.13592233009709,Middle,1500-inf,1000-inf
8,1261,1507,1020,37720,29.912767644726408,36.98039215686274,Low,1000-1499,1000-inf
9,1090,1321,680,46310,42.48623853211009,68.1029411764706,Middle,1000-1499,500-999
10,1030,1235,1130,44150,42.86407766990291,39.07079646017699,Middle,1000-1499,1000-inf
11,1187,1439,1090,71280,60.05054759898905,65.39449541284404,Middle,1000-1499,1000-inf
12,1751,2098,720,57620,32.90691033695031,80.02777777777777,Low,1500-inf,500-999
13,1746,2064,1050,60470,34.63344788087056,57.59047619047619,Low,1500-inf,1000-inf
14,1615,1931,1160,59130,36.61300309597523,50.974137931034484,Low,1500-inf,1000-inf
15,1469,1756,770,66360,45.17358747447243,86.18181818181819,Middle,1000-1499,500-999
16,1644,1950,790,78870,47.97445255474452,99.83544303797468,Middle,1500-inf,500-999
17,1578,1907,1440,77250,48.954372623574145,53.645833333333336,Middle,1500-inf,1000-inf
18,1703,2045,670,38170,22.413388138578977,56.97014925373134,Low,1500-inf,500-999
19,1438,1731,1030,63540,44.186369958275385,61.689320388349515,Middle,1000-1499,1000-inf
20,1940,2340,980,40190,20.716494845360824,41.01020408163265,Low,1500-inf,500-999
21,1421,1700,370,43460,30.584095707248416,117.45945945945945,Low,1000-1499,1-499
22,1458,1746,690,68890,47.249657064471876,99.84057971014492,Middle,1000-1499,500-999
23,1719,2065,950,52780,30.70389761489238,55.55789473684211,Low,1500-inf,500-999
24,1449,1752,620,50680,34.97584541062802,81.74193548387096,Low,1000-1499,500-999
25,1234,1488,840,41880,33.93841166936791,49.857142857142854,Low,1000-1499,500-999
26,1732,2073,820,70050,40.4445727482679,85.42682926829268,Middle,1500-inf,500-999
27,1475,1777,1100,25820,17.505084745762712,23.472727272727273,Low,1000-1499,1000-inf
28,1390,1648,980,60530,43.54676258992806,61.765306122448976,Middle,1000-1499,500-999
29,1642,1943,710,78100,47.56394640682095,110.0,Middle,1500-inf,500-999
30,1715,2071,650,84860,49.481049562682216,130.55384615384617,Middle,1500-inf,500-999
31,1439,1746,990,80140,55.69145239749826,80.94949494949495,Middle,1000-1499,500-999
32,1250,1508,990,14920,11.936,15.070707070707071,Low,1000-1499,500-999
33,1331,1608,880,60460,45.42449286250939,68.70454545454545,Middle,1000-1499,500-999
34,1784,2163,620,74560,41.79372197309417,120.25806451612904,Middle,1500-inf,500-999
35,1375,1648,1020,72430,52.67636363636364,71.00980392156863,Middle,1000-1499,1000-inf
36,1871,2230,700,45460,24.297167290219136,64.94285714285714,Low,1500-inf,500-999
37,1442,1744,610,41570,28.828016643550622,68.14754098360656,Low,1000-1499,500-999
38,1174,1411,1080,62870,53.55195911413969,58.21296296296296,Middle,1000-1499,1000-inf
39,1839,2204,1010,55170,30.0,54.62376237623762,Low,1500-inf,1000-inf
40,1270,1516,10,45480,35.811023622047244,4548.0,Low,1000-1499,1-499
41,1435,1725,1250,49550,34.52961672473867,39.64,Low,1000-1499,1000-inf
42,965,1152,600,48140,49.8860103626943,80.23333333333333,Middle,1-999,500-999
43,1665,2001,730,67640,40.62462462462462,92.65753424657534,Middle,1500-inf,500-999
44,1780,2117,780,39730,22.320224719101123,50.93589743589744,Low,1500-inf,500-999
45,1009,1194,520,35800,35.4806739345887,68.84615384615384,Low,1000-1499,500-999
46,1227,1471,870,49270,40.15484922575387,56.632183908045974,Middle,1000-1499,500-999
47,1769,2087,690,66510,37.597512719050314,96.3913043478261,Low,1500-inf,500-999
48,1660,1982,910,62530,37.66867469879518,68.71428571428571,Low,1500-inf,500-999
49,1472,1776,1260,59980,40.74728260869565,47.6031746031746,Middle,1000-1499,1000-inf
50,1408,1688,1040,76350,54.22585227272727,73.41346153846153,Middle,1000-1499,1000-inf
51,1514,1820,910,81820,54.04227212681638,89.91208791208791,Middle,1500-inf,500-999
52,1565,1880,1300,57830,36.95207667731629,44.48461538461538,Low,1500-inf,1000-inf
53,1074,1288,320,70450,65.59590316573556,220.15625,Middle,1000-1499,1-499
54,1864,2240,530,67000,35.94420600858369,126.41509433962264,Low,1500-inf,500-999
55,1570,1898,980,64090,40.82165605095541,65.39795918367346,Middle,1500-inf,500-999
56,1417,1701,740,48670,34.347212420606915,65.77027027027027,Low,1000-1499,500-999
57,1734,2060,1240,66210,38.18339100346021,53.395161290322584,Low,1500-inf,1000-inf
58,1470,1763,1080,83660,56.91156462585034,77.46296296296296,Middle,1000-1499,1000-inf
59,1761,2104,1080,70770,40.18739352640545,65.52777777777777,Middle,1500-inf,1000-inf
60,1756,2070,460,53870,30.67767653758542,117.1086956521739,Low,1500-inf,1-499
61,1704,2045,300,71300,41.84272300469483,237.66666666666666,Middle,1500-inf,1-499
62,2011,2391,530,46100,22.92391844853307,86.98113207547169,Low,1500-inf,500-999
63,1472,1748,600,49100,33.35597826086956,81.83333333333333,Low,1000-1499,500-999
64,1310,1561,860,65920,50.3206106870229,76.65116279069767,Middle,1000-1499,500-999
65,1544,1821,590,58660,37.99222797927461,99.42372881355932,Low,1500-inf,500-999
66,1707,2052,920,69130,40.497949619215,75.1413043478261,Middle,1500-inf,500-999
67,1881,2262,570,49080,26.09250398724083,86.10526315789474,Low,1500-inf,500-999
68,1416,1681,290,72710,51.34887005649718,250.72413793103448,Middle,1000-1499,1-499
69,1631,1941,650,33430,20.49662783568363,51.43076923076923,Low,1500-inf,500-999
70,1318,1576,710,42430,32.192716236722305,59.76056338028169,Low,1000-1499,500-999
71,1692,2019,850,56650,33.481087470449175,66.6470588235294,Low,1500-inf,500-999
72,1152,1380,530,33580,29.149305555555557,63.35849056603774,Low,1000-1499,500-999
73,891,1073,630,67370,75.61167227833894,106.93650793650794,High,1-999,500-999
74,1468,1749,700,71780,48.89645776566758,102.54285714285714,Middle,1000-1499,500-999
75,1539,1833,650,84840,55.12670565302144,130.52307692307693,Middle,1500-inf,500-999
76,1635,1956,720,82070,50.19571865443425,113.98611111111111,Middle,1500-inf,500-999
77,1267,1520,450,26770,21.128650355169693,59.48888888888889,Low,1000-1499,1-499
78,1250,1475,1390,65560,52.448,47.16546762589928,Middle,1000-1499,1000-inf
79,1720,2044,960,38660,22.476744186046513,40.270833333333336,Low,1500-inf,500-999
80,1462,1761,600,65660,44.91108071135431,109.43333333333334,Middle,1000-1499,500-999
81,1431,1711,620,40700,28.44164919636618,65.64516129032258,Low,1000-1499,500-999
82,1539,1858,1020,88910,57.771280051981805,87.16666666666667,Middle,1500-inf,1000-inf
83,1441,1723,330,57860,40.152671755725194,175.33333333333334,Middle,1000-1499,1-499
84,1572,1884,1410,42670,27.143765903307887,30.26241134751773,Low,1500-inf,1000-inf
85,1287,1525,1200,90180,70.06993006993007,75.15,High,1000-1499,1000-inf
86,1468,1760,280,51280,34.93188010899183,183.14285714285714,Low,1000-1499,1-499
87,1931,2342,940,97260,50.367685137234595,103.46808510638297,Middle,1500-inf,500-999
88,1252,1506,850,39650,31.669329073482427,46.64705882352941,Low,1000-1499,500-999
89,1238,1468,960,45720,36.93053311793215,47.625,Low,1000-1499,500-999
90,1479,1758,420,42060,28.43813387423935,100.14285714285714,Low,1000-1499,1-499
91,1590,1912,830,65350,41.100628930817614,78.73493975903614,Middle,1500-inf,500-999
92,2169,2617,600,67080,30.926694329183956,111.8,Low,1500-inf,500-999
93,1838,2205,400,54030,29.39608269858542,135.075,Low,1500-inf,1-499
94,1385,1655,760,56360,40.69314079422383,74.15789473684211,Middle,1000-1499,500-999
95,1921,2305,1470,77120,40.14575741801145,52.46258503401361,Middle,1500-inf,1000-inf
96,1975,2385,500,50810,25.72658227848101,101.62,Low,1500-inf,500-999
97,1853,2235,1120,60960,32.89800323799245,54.42857142857143,Low,1500-inf,1000-inf
98,1816,2171,1160,61180,33.68942731277533,52.741379310344826,Low,1500-inf,1000-inf
99,1785,2147,820,63660,35.66386554621849,77.63414634146342,Low,1500-inf,500-999
100,1579,1899,1140,41190,26.08613046231792,36.13157894736842,Low,1500-inf,1000-inf
101,1096,1321,900,78420,71.55109489051095,87.13333333333334,High,1000-1499,500-999
102,1919,2294,760,65580,34.17404898384575,86.28947368421052,Low,1500-inf,500-999
103,1262,1500,1170,89080,70.5863708399366,76.13675213675214,High,1000-1499,1000-inf
104,1374,1655,1080,94170,68.53711790393012,87.19444444444444,High,1000-1499,1000-inf
105,1309,1587,1000,50950,38.92284186401834,50.95,Low,1000-1499,1000-inf
106,1207,1434,690,65180,54.0016570008285,94.46376811594203,Middle,1000-1499,500-999
107,1692,2031,810,69310,40.963356973995275,85.5679012345679,Middle,1500-inf,500-999
108,1929,2311,630,79210,41.06272680145153,125.73015873015873,Middle,1500-inf,500-999
109,1573,1878,650,23740,15.092180546726,36.52307692307692,Low,1500-inf,500-999
110,1415,1700,920,36330,25.674911660777386,39.48913043478261,Low,1000-1499,500-999
111,1162,1382,1260,51700,44.49225473321859,41.03174603174603,Middle,1000-1499,1000-inf
112,1485,1787,800,62950,42.39057239057239,78.6875,Middle,1000-1499,500-999
113,1897,2248,1330,56010,29.52556668423827,42.11278195488722,Low,1500-inf,1000-inf
114,1607,1927,940,45080,28.0522713130056,47.95744680851064,Low,1500-inf,500-999
115,1909,2287,1210,46830,24.53116815086433,38.70247933884298,Low,1500-inf,1000-inf
116,1274,1503,660,64750,50.824175824175825,98.10606060606061,Middle,1000-1499,500-999
117,1157,1379,770,80780,69.81849611063095,104.9090909090909,High,1000-1499,500-999
118,1712,2046,460,31180,18.212616822429908,67.78260869565217,Low,1500-inf,1-499
119,1500,1798,860,56710,37.806666666666665,65.94186046511628,Low,1500-inf,500-999
120,1682,2017,780,49390,29.36385255648038,63.32051282051282,Low,1500-inf,500-999
121,1441,1727,890,66000,45.80152671755725,74.15730337078652,Middle,1000-1499,500-999
122,1525,1835,900,32770,21.488524590163934,36.41111111111111,Low,1500-inf,500-999
123,1408,1669,530,46580,33.08238636363637,87.88679245283019,Low,1000-1499,500-999
124,1947,2333,790,79780,40.975860297894194,100.9873417721519,Middle,1500-inf,500-999
125,1164,1390,370,35510,30.506872852233677,95.97297297297297,Low,1000-1499,1-499
126,1787,2137,610,80970,45.3105763850028,132.7377049180328,Middle,1500-inf,500-999
127,1871,2241,500,61150,32.68305718866916,122.3,Low,1500-inf,500-999
128,1718,2051,750,49210,28.643771827706637,65.61333333333333,Low,1500-inf,500-999
129,1365,1636,980,79950,58.57142857142857,81.58163265306122,Middle,1000-1499,500-999
130,1368,1654,530,68740,50.248538011695906,129.69811320754718,Middle,1000-1499,500-999
131,1342,1595,910,57480,42.831594634873326,63.16483516483517,Middle,1000-1499,500-999
132,1076,1270,620,72630,67.5,117.14516129032258,Middle,1000-1499,500-999
133,1396,1672,1170,50070,35.86676217765043,42.794871794871796,Low,1000-1499,1000-inf
134,1713,2071,900,40490,23.636894337419733,44.98888888888889,Low,1500-inf,500-999
135,1370,1638,980,51850,37.846715328467155,52.90816326530612,Low,1000-1499,500-999
136,1667,1993,740,42840,25.69886022795441,57.891891891891895,Low,1500-inf,500-999
137,1638,1972,810,60940,37.20390720390721,75.23456790123457,Low,1500-inf,500-999
138,1581,1905,810,62280,39.39278937381404,76.88888888888889,Low,1500-inf,500-999
139,1795,2187,300,76530,42.63509749303621,255.1,Middle,1500-inf,1-499
140,1179,1412,790,85130,72.20525869380832,107.75949367088607,High,1000-1499,500-999
141,1978,2374,800,48590,24.565217391304348,60.7375,Low,1500-inf,500-999
142,1688,2042,760,73080,43.29383886255924,96.15789473684211,Middle,1500-inf,500-999
143,1214,1456,530,48950,40.32125205930807,92.35849056603773,Middle,1000-1499,500-999
144,1504,1805,540,48560,32.287234042553195,89.92592592592592,Low,1500-inf,500-999
145,1498,1770,620,59380,39.639519359145524,95.7741935483871,Middle,1000-1499,500-999
146,1462,1762,1010,51190,35.01367989056087,50.68316831683168,Low,1000-1499,1000-inf
147,1442,1750,130,58920,40.85991678224688,453.2307692307692,Middle,1000-1499,1-499
148,1250,1486,730,50360,40.288,68.98630136986301,Middle,1000-1499,500-999
149,1229,1480,830,38070,30.97640358014646,45.86746987951807,Low,1000-1499,500-999
150,1936,2300,1060,49170,25.397727272727273,46.386792452830186,Low,1500-inf,1000-inf
151,1369,1629,770,39740,29.028487947406866,51.61038961038961,Low,1000-1499,500-999
152,1662,1986,70,63730,38.3453670276775,910.4285714285714,Low,1500-inf,1-499
153,1548,1855,670,85330,55.122739018087856,127.35820895522389,Middle,1500-inf,500-999
154,1649,1963,490,27410,16.622195269860523,55.93877551020408,Low,1500-inf,1-499
155,1393,1663,670,37320,26.791098348887292,55.701492537313435,Low,1000-1499,500-999
156,1450,1734,380,71120,49.04827586206896,187.1578947368421,Middle,1000-1499,1-499
157,1613,1921,1200,72800,45.13329200247985,60.666666666666664,Middle,1500-inf,1000-inf
158,1408,1696,350,34410,24.438920454545453,98.31428571428572,Low,1000-1499,1-499
159,775,932,1090,42530,54.87741935483871,39.018348623853214,Middle,1-999,1000-inf
160,1275,1534,1230,54300,42.588235294117645,44.146341463414636,Middle,1000-1499,1000-inf
161,1740,2078,680,50780,29.183908045977013,74.67647058823529,Low,1500-inf,500-999
162,1372,1657,580,45020,32.8134110787172,77.62068965517241,Low,1000-1499,500-999
163,1414,1723,680,69600,49.222065063649225,102.3529411764706,Middle,1000-1499,500-999
164,2044,2474,340,80340,39.30528375733855,236.2941176470588,Low,1500-inf,1-499
165,1823,2176,700,37810,20.740537575425122,54.01428571428571,Low,1500-inf,500-999
166,955,1133,580,46140,48.31413612565445,79.55172413793103,Middle,1-999,500-999
167,1465,1763,680,99570,67.96587030716724,146.4264705882353,High,1000-1499,500-999
168,1331,1606,630,38650,29.03831705484598,61.34920634920635,Low,1000-1499,500-999
169,1232,1487,860,49800,40.422077922077925,57.906976744186046,Middle,1000-1499,500-999
170,1481,1765,490,69910,47.204591492234975,142.6734693877551,Middle,1000-1499,1-499
171,1343,1599,870,44910,33.44005956813105,51.62068965517241,Low,1000-1499,500-999
172,1539,1837,990,78470,50.98765432098765,79.26262626262626,Middle,1500-inf,500-999
173,1007,1207,670,47460,47.130089374379345,70.83582089552239,Middle,1000-1499,500-999
174,1762,2145,490,33460,18.989784335981838,68.28571428571429,Low,1500-inf,1-499
175,1527,1832,580,44090,28.873608382449248,76.01724137931035,Low,1500-inf,500-999
176,1356,1619,700,42620,31.430678466076696,60.885714285714286,Low,1000-1499,500-999
177,1536,1848,670,69450,45.21484375,103.65671641791045,Middle,1500-inf,500-999
178,1605,1902,390,73120,45.557632398753896,187.48717948717947,Middle,1500-inf,1-499
179,1704,2032,590,48300,28.345070422535212,81.86440677966101,Low,1500-inf,500-999
180,1626,1941,1350,58090,35.72570725707257,43.02962962962963,Low,1500-inf,1000-inf
181,1612,1939,840,74250,46.06079404466501,88.39285714285714,Middle,1500-inf,500-999
182,1174,1396,1100,40930,34.863713798977855,37.20909090909091,Low,1000-1499,1000-inf
183,1923,2339,950,70930,36.885075403016124,74.66315789473684,Low,1500-inf,500-999
184,1702,2053,950,64670,37.99647473560517,68.07368421052631,Low,1500-inf,500-999
185,1398,1692,650,77420,55.379113018598,119.1076923076923,Middle,1000-1499,500-999
186,1437,1717,230,32330,22.498260264439804,140.56521739130434,Low,1000-1499,1-499
187,1524,1796,1060,41080,26.95538057742782,38.75471698113208,Low,1500-inf,1000-inf
188,1660,1985,1180,42860,25.819277108433734,36.32203389830509,Low,1500-inf,1000-inf
189,1302,1569,710,68450,52.572964669738866,96.40845070422536,Middle,1000-1499,500-999
190,1666,2000,480,39730,23.84753901560624,82.77083333333333,Low,1500-inf,1-499
191,1391,1649,810,83750,60.20848310567937,103.39506172839506,Middle,1000-1499,500-999
192,1778,2148,1140,69940,39.336332958380204,61.35087719298246,Low,1500-inf,1000-inf
193,1462,1770,1070,67710,46.31326949384405,63.2803738317757,Middle,1000-1499,1000-inf
194,1751,2115,790,67360,38.46944603083952,85.26582278481013,Low,1500-inf,500-999
195,1652,1982,690,52460,31.75544794188862,76.02898550724638,Low,1500-inf,500-999
196,1841,2215,610,88760,48.21292775665399,145.50819672131146,Middle,1500-inf,500-999
197,1496,1791,1240,67030,44.80614973262032,54.056451612903224,Middle,1000-1499,1000-inf
198,1504,1827,840,78230,52.014627659574465,93.13095238095238,Middle,1500-inf,500-999
199,1524,1808,460,62270,40.85958005249344,135.3695652173913,Middle,1500-inf,1-499
200,1148,1371,940,49760,43.34494773519164,52.93617021276596,Middle,1000-1499,500-999
201,1468,1744,590,73660,50.177111716621255,124.84745762711864,Middle,1000-1499,500-999
202,1310,1558,890,72320,55.20610687022901,81.25842696629213,Middle,1000-1499,500-999
203,1321,1579,770,68890,52.14988644965935,89.46753246753246,Middle,1000-1499,500-999
204,992,1192,900,34180,34.45564516129032,37.977777777777774,Low,1-999,500-999
205,1540,1857,1020,58260,37.83116883116883,57.11764705882353,Low,1500-inf,1000-inf
206,1807,2149,910,38120,21.09573879358052,41.89010989010989,Low,1500-inf,500-999
207,1526,1853,660,49070,32.15596330275229,74.34848484848484,Low,1500-inf,500-999
208,1406,1677,480,61660,43.85490753911807,128.45833333333334,Middle,1000-1499,1-499
209,1703,2055,1080,37830,22.213740458015266,35.02777777777778,Low,1500-inf,1000-inf
210,1575,1872,690,52270,33.18730158730159,75.7536231884058,Low,1500-inf,500-999
211,1309,1572,510,52280,39.938884644767,102.50980392156863,Middle,1000-1499,500-999
212,1488,1807,1030,70810,47.58736559139785,68.74757281553399,Middle,1000-1499,1000-inf
213,1658,1988,370,71530,43.142340168878164,193.32432432432432,Middle,1500-inf,1-499
214,1863,2245,640,77260,41.47074610842727,120.71875,Middle,1500-inf,500-999
215,1458,1725,750,75550,51.81755829903978,100.73333333333333,Middle,1000-1499,500-999
216,1604,1909,370,33730,21.028678304239403,91.16216216216216,Low,1500-inf,1-499
217,1575,1899,840,66270,42.076190476190476,78.89285714285714,Middle,1500-inf,500-999
218,1525,1829,840,55820,36.60327868852459,66.45238095238095,Low,1500-inf,500-999
219,1451,1737,890,68430,47.1605789110958,76.88764044943821,Middle,1000-1499,500-999
220,1390,1687,620,73990,53.23021582733813,119.33870967741936,Middle,1000-1499,500-999
221,1442,1742,310,62800,43.5506241331484,202.58064516129033,Middle,1000-1499,1-499
222,1620,1922,550,33740,20.82716049382716,61.345454545454544,Low,1500-inf,500-999
223,1251,1527,380,63830,51.023181454836134,167.97368421052633,Middle,1000-1499,1-499
224,1318,1606,1200,24410,18.520485584218513,20.341666666666665,Low,1000-1499,1000-inf
225,1647,1962,800,70020,42.513661202185794,87.525,Middle,1500-inf,500-999
226,1829,2175,870,92240,50.431930016402404,106.02298850574712,Middle,1500-inf,500-999
227,1852,2227,1220,68230,36.841252699784015,55.92622950819672,Low,1500-inf,1000-inf
228,1699,2053,1080,81870,48.18716892289582,75.80555555555556,Middle,1500-inf,1000-inf
229,1325,1595,540,73860,55.74339622641509,136.77777777777777,Middle,1000-1499,500-999
230,1350,1634,880,77120,57.12592592592593,87.63636363636364,Middle,1000-1499,500-999
231,1347,1628,120,72350,53.71195248700817,602.9166666666666,Middle,1000-1499,1-499
232,1397,1661,1410,49160,35.18969219756622,34.86524822695036,Low,1000-1499,1000-inf
233,1245,1499,570,45650,36.666666666666664,80.08771929824562,Low,1000-1499,500-999
234,1366,1649,940,52780,38.63836017569546,56.148936170212764,Low,1000-1499,500-999
235,1378,1658,760,90960,66.00870827285921,119.6842105263158,Middle,1000-1499,500-999
236,1767,2110,1200,64950,36.7572156196944,54.125,Low,1500-inf,1000-inf
237,1184,1434,670,47230,39.8902027027027,70.49253731343283,Middle,1000-1499,500-999
238,1257,1505,950,83250,66.22911694510739,87.63157894736842,Middle,1000-1499,500-999
239,1863,2247,480,51950,27.885131508319915,108.22916666666667,Low,1500-inf,1-499
240,1881,2244,920,66030,35.103668261563,71.77173913043478,Low,1500-inf,500-999
241,1329,1609,1150,68590,51.61023325808879,59.643478260869564,Middle,1000-1499,1000-inf
242,1539,1848,750,47140,30.630279402209226,62.85333333333333,Low,1500-inf,500-999
243,1557,1861,370,69940,44.91971740526654,189.02702702702703,Middle,1500-inf,1-499
244,2007,2397,610,65890,32.83009466865969,108.01639344262296,Low,1500-inf,500-999
245,1185,1418,1150,89310,75.36708860759494,77.6608695652174,High,1000-1499,1000-inf
246,1657,2003,1070,58540,35.32890766445383,54.71028037383178,Low,1500-inf,1000-inf
247,1294,1539,790,78130,60.37867078825348,98.89873417721519,Middle,1000-1499,500-999
248,1296,1559,1070,92300,71.21913580246914,86.26168224299066,High,1000-1499,1000-inf
249,1733,2097,730,56170,32.41200230813618,76.94520547945206,Low,1500-inf,500-999
250,1641,1976,620,46050,28.062157221206583,74.2741935483871,Low,1500-inf,500-999
251,1373,1648,530,43390,31.60233066278223,81.86792452830188,Low,1000-1499,500-999
252,1550,1845,700,61750,39.83870967741935,88.21428571428571,Middle,1500-inf,500-999
253,1583,1907,680,21830,13.790271636133923,32.10294117647059,Low,1500-inf,500-999
254,1428,1719,1060,39800,27.871148459383754,37.54716981132076,Low,1000-1499,1000-inf
255,1604,1925,670,54370,33.89650872817955,81.14925373134328,Low,1500-inf,500-999
256,1439,1735,400,62470,43.41209173036831,156.175,Middle,1000-1499,1-499
257,1648,2003,910,82930,50.32160194174757,91.13186813186813,Middle,1500-inf,500-999
258,1025,1231,760,63720,62.165853658536584,83.84210526315789,Middle,1000-1499,500-999
259,2001,2394,540,79180,39.57021489255372,146.62962962962962,Middle,1500-inf,500-999
260,1145,1370,350,38210,33.37117903930131,109.17142857142858,Low,1000-1499,1-499
261,1174,1426,980,25950,22.103918228279387,26.479591836734695,Low,1000-1499,500-999
262,913,1106,860,56610,62.004381161007665,65.82558139534883,Middle,1-999,500-999
263,1199,1433,1020,73710,61.476230191826524,72.26470588235294,Middle,1000-1499,1000-inf
264,1875,2254,1120,70400,37.54666666666667,62.857142857142854,Low,1500-inf,1000-inf
265,1153,1397,1020,50440,43.74674761491761,49.450980392156865,Middle,1000-1499,1000-inf
266,1240,1492,940,66840,53.903225806451616,71.1063829787234,Middle,1000-1499,500-999
267,1381,1660,970,50170,36.328747284576394,51.72164948453608,Low,1000-1499,500-999
268,1701,2030,830,60140,35.355673133450914,72.4578313253012,Low,1500-inf,500-999
269,1206,1456,920,37130,30.787728026533998,40.358695652173914,Low,1000-1499,500-999
270,1476,1777,660,42890,29.058265582655828,64.98484848484848,Low,1000-1499,500-999
271,1189,1439,780,26220,22.05214465937763,33.61538461538461,Low,1000-1499,500-999
272,1837,2220,340,50840,27.675557974959172,149.52941176470588,Low,1500-inf,1-499
273,1319,1571,1190,25630,19.431387414708112,21.537815126050422,Low,1000-1499,1000-inf
274,1617,1901,490,60770,37.581941867656155,124.0204081632653,Low,1500-inf,1-499
275,1631,1967,1090,69600,42.67320662170447,63.85321100917431,Middle,1500-inf,1000-inf
276,1517,1805,1040,41740,27.51483190507581,40.13461538461539,Low,1500-inf,1000-inf
277,1764,2109,1210,50130,28.418367346938776,41.429752066115704,Low,1500-inf,1000-inf
278,1572,1869,1030,21750,13.835877862595419,21.116504854368934,Low,1500-inf,1000-inf
279,1855,2197,1170,80490,43.39083557951483,68.7948717948718,Middle,1500-inf,1000-inf
280,1327,1571,730,34020,25.63677467972871,46.602739726027394,Low,1000-1499,500-999
281,1270,1515,720,60240,47.43307086614173,83.66666666666667,Middle,1000-1499,500-999
282,1734,2073,500,39460,22.75663206459054,78.92,Low,1500-inf,500-999
283,1533,1848,1070,56440,36.81669928245271,52.74766355140187,Low,1500-inf,1000-inf
284,1390,1646,800,46840,33.697841726618705,58.55,Low,1000-1499,500-999
285,1856,2216,1020,64820,34.92456896551724,63.549019607843135,Low,1500-inf,1000-inf
286,1000,1215,1070,52520,52.52,49.08411214953271,Middle,1000-1499,1000-inf
287,1313,1586,420,45940,34.98857578065499,109.38095238095238,Low,1000-1499,1-499
288,1494,1799,510,38970,26.08433734939759,76.41176470588235,Low,1000-1499,500-999
289,1386,1674,1210,58610,42.287157287157285,48.43801652892562,Middle,1000-1499,1000-inf
290,1979,2364,660,30810,15.568468923698838,46.68181818181818,Low,1500-inf,500-999
291,1057,1264,360,47730,45.15610217596973,132.58333333333334,Middle,1000-1499,1-499
292,902,1093,1210,64640,71.66297117516629,53.421487603305785,High,1-999,1000-inf
293,1347,1622,560,44860,33.30363771343727,80.10714285714286,Low,1000-1499,500-999
294,1314,1576,360,55660,42.35920852359209,154.61111111111111,Middle,1000-1499,1-499
295,1513,1803,970,57530,38.023793787177794,59.30927835051546,Low,1500-inf,500-999
296,1305,1548,480,75200,57.62452107279694,156.66666666666666,Middle,1000-1499,1-499
297,1180,1436,690,37330,31.635593220338983,54.10144927536232,Low,1000-1499,500-999
298,1142,1352,710,35280,30.893169877408056,49.690140845070424,Low,1000-1499,500-999
299,1471,1768,780,70610,48.00135961930659,90.52564102564102,Middle,1000-1499,500-999
300,1075,1288,630,49720,46.25116279069768,78.92063492063492,Middle,1000-1499,500-999
301,1578,1885,220,68850,43.631178707224336,312.95454545454544,Middle,1500-inf,1-499
302,1585,1916,1110,50740,32.01261829652997,45.711711711711715,Low,1500-inf,1000-inf
303,1391,1648,720,77070,55.40618260244428,107.04166666666667,Middle,1000-1499,500-999
304,1577,1892,560,74730,47.38744451490171,133.44642857142858,Middle,1500-inf,500-999
305,1092,1314,600,76530,70.08241758241758,127.55,High,1000-1499,500-999
306,1375,1681,440,68900,50.10909090909091,156.5909090909091,Middle,1000-1499,1-499
307,1523,1813,520,44960,29.520682862770848,86.46153846153847,Low,1500-inf,500-999
308,1373,1654,410,41490,30.21849963583394,101.1951219512195,Low,1000-1499,1-499
309,1550,1871,590,74320,47.94838709677419,125.96610169491525,Middle,1500-inf,500-999
310,1614,1946,740,73800,45.72490706319702,99.72972972972973,Middle,1500-inf,500-999
311,1566,1889,610,56400,36.015325670498086,92.45901639344262,Low,1500-inf,500-999
312,2019,2396,540,71570,35.44824170381377,132.53703703703704,Low,1500-inf,500-999
313,1494,1806,1450,43640,29.21017402945114,30.09655172413793,Low,1000-1499,1000-inf
314,1659,2008,620,35120,21.169379144062688,56.645161290322584,Low,1500-inf,500-999
315,1766,2131,340,58670,33.221970554926386,172.55882352941177,Low,1500-inf,1-499
316,1293,1554,970,75800,58.62335653518948,78.14432989690722,Middle,1000-1499,500-999
317,1375,1659,1080,76640,55.738181818181815,70.96296296296296,Middle,1000-1499,1000-inf
318,1236,1484,560,31890,25.800970873786408,56.94642857142857,Low,1000-1499,500-999
319,1332,1586,630,61670,46.2987987987988,97.88888888888889,Middle,1000-1499,500-999
320,1513,1825,980,75950,50.19828155981494,77.5,Middle,1500-inf,500-999
321,1208,1459,930,41490,34.34602649006622,44.61290322580645,Low,1000-1499,500-999
322,1190,1429,470,66170,55.60504201680672,140.7872340425532,Middle,1000-1499,1-499
323,1448,1734,680,37980,26.2292817679558,55.85294117647059,Low,1000-1499,500-999
324,1771,2147,430,62710,35.409373235460194,145.8372093023256,Low,1500-inf,1-499
325,1365,1645,830,60470,44.3003663003663,72.855421686747,Middle,1000-1499,500-999
326,1510,1810,950,35230,23.33112582781457,37.084210526315786,Low,1500-inf,500-999
327,1458,1736,870,48550,33.29903978052126,55.804597701149426,Low,1000-1499,500-999
328,1808,2157,730,56810,31.42146017699115,77.82191780821918,Low,1500-inf,500-999
329,1615,1954,760,41080,25.436532507739937,54.05263157894737,Low,1500-inf,500-999
330,1640,1948,960,51270,31.26219512195122,53.40625,Low,1500-inf,500-999
331,1060,1273,860,57500,54.24528301886792,66.86046511627907,Middle,1000-1499,500-999
332,1633,1968,330,81470,49.88977342314758,246.87878787878788,Middle,1500-inf,1-499
333,1222,1473,630,49570,40.56464811783961,78.68253968253968,Middle,1000-1499,500-999
334,1619,1957,1280,45580,28.153180975911056,35.609375,Low,1500-inf,1000-inf
335,1624,1973,1440,44660,27.5,31.01388888888889,Low,1500-inf,1000-inf
336,1887,2278,570,76240,40.40275569687334,133.75438596491227,Middle,1500-inf,500-999
337,1320,1583,540,43720,33.121212121212125,80.96296296296296,Low,1000-1499,500-999
338,1450,1750,480,46700,32.206896551724135,97.29166666666667,Low,1000-1499,1-499
339,1455,1764,390,84690,58.20618556701031,217.15384615384616,Middle,1000-1499,1-499
340,966,1172,900,85470,88.47826086956522,94.96666666666667,High,1-999,500-999
341,1922,2290,290,80410,41.8366285119667,277.2758620689655,Middle,1500-inf,1-499
342,1678,1999,740,46650,27.800953516090583,63.04054054054054,Low,1500-inf,500-999
343,1638,1952,690,81840,49.96336996336996,118.6086956521739,Middle,1500-inf,500-999
344,1145,1375,950,63590,55.53711790393013,66.93684210526315,Middle,1000-1499,500-999
345,2004,2390,930,50130,25.01497005988024,53.903225806451616,Low,1500-inf,500-999
346,1954,2378,810,45820,23.44933469805527,56.5679012345679,Low,1500-inf,500-999
347,1577,1879,760,86710,54.98414711477489,114.09210526315789,Middle,1500-inf,500-999
348,1766,2138,580,49980,28.301245753114383,86.17241379310344,Low,1500-inf,500-999
349,1362,1634,770,82940,60.89574155653451,107.71428571428571,Middle,1000-1499,500-999
350,1886,2228,1530,40350,21.394485683987273,26.372549019607842,Low,1500-inf,1000-inf
351,1291,1546,420,93950,72.7730441518203,223.6904761904762,High,1000-1499,1-499
352,1584,1897,1210,47310,29.867424242424242,39.099173553719005,Low,1500-inf,1000-inf
353,1397,1686,850,21300,15.246957766642806,25.058823529411764,Low,1000-1499,500-999
354,1445,1709,1340,62180,43.03114186851211,46.40298507462686,Middle,1000-1499,1000-inf
355,1433,1707,1160,61460,42.88904396371249,52.98275862068966,Middle,1000-1499,1000-inf
356,1269,1511,500,54360,42.836879432624116,108.72,Middle,1000-1499,500-999
357,1798,2134,820,72050,40.07230255839822,87.86585365853658,Middle,1500-inf,500-999
358,1514,1822,670,48090,31.76354029062087,71.77611940298507,Low,1500-inf,500-999
359,1015,1216,460,27310,26.9064039408867,59.369565217391305,Low,1000-1499,1-499
360,1495,1799,950,57160,38.23411371237458,60.16842105263158,Low,1000-1499,500-999
361,1759,2095,980,34190,19.437180216031837,34.88775510204081,Low,1500-inf,500-999
362,1219,1468,850,35600,29.204265791632487,41.88235294117647,Low,1000-1499,500-999
363,1571,1877,580,54670,34.799490770210056,94.25862068965517,Low,1500-inf,500-999
364,1404,1670,620,76730,54.65099715099715,123.75806451612904,Middle,1000-1499,500-999
365,1124,1369,650,63540,56.530249110320284,97.75384615384615,Middle,1000-1499,500-999
366,1514,1837,1130,36690,24.233817701453106,32.469026548672566,Low,1500-inf,1000-inf
367,1207,1476,720,87370,72.3860811930406,121.34722222222223,High,1000-1499,500-999
368,1484,1774,940,59800,40.296495956873315,63.61702127659574,Middle,1000-1499,500-999
369,1398,1678,920,48030,34.35622317596567,52.20652173913044,Low,1000-1499,500-999
370,1769,2112,660,96650,54.635387224420576,146.43939393939394,Middle,1500-inf,500-999
371,1111,1322,610,65500,58.955895589558956,107.37704918032787,Middle,1000-1499,500-999
372,1078,1305,1190,55530,51.51205936920223,46.66386554621849,Middle,1000-1499,1000-inf
373,1876,2254,1340,21650,11.540511727078892,16.15671641791045,Low,1500-inf,1000-inf
374,1909,2306,820,31940,16.731272917757988,38.951219512195124,Low,1500-inf,500-999
375,1940,2343,1130,84690,43.654639175257735,74.94690265486726,Middle,1500-inf,1000-inf
376,1391,1683,890,68390,49.16606757728253,76.84269662921348,Middle,1000-1499,500-999
377,1496,1774,810,75490,50.461229946524064,93.19753086419753,Middle,1000-1499,500-999
378,1412,1699,680,39200,27.762039660056658,57.64705882352941,Low,1000-1499,500-999
379,1121,1345,320,85670,76.4228367528992,267.71875,High,1000-1499,1-499
380,1691,2026,700,60530,35.79538734476641,86.47142857142858,Low,1500-inf,500-999
381,1599,1946,940,78090,48.83677298311444,83.07446808510639,Middle,1500-inf,500-999
382,1208,1467,910,50720,41.98675496688742,55.73626373626374,Middle,1000-1499,500-999
383,1454,1737,870,23090,15.880330123796425,26.54022988505747,Low,1000-1499,500-999
384,1555,1881,1260,91360,58.752411575562704,72.5079365079365,Middle,1500-inf,1000-inf
385,1554,1852,440,48120,30.965250965250966,109.36363636363636,Low,1500-inf,1-499
386,1491,1800,980,75620,50.717639168343396,77.16326530612245,Middle,1000-1499,500-999
387,1415,1697,1200,39420,27.858657243816253,32.85,Low,1000-1499,1000-inf
388,1487,1801,890,51130,34.38466711499664,57.449438202247194,Low,1000-1499,500-999
389,1339,1589,1050,33890,25.30993278566094,32.27619047619048,Low,1000-1499,1000-inf
390,1320,1562,610,87170,66.03787878787878,142.9016393442623,Middle,1000-1499,500-999
391,1509,1799,960,38600,25.579854208084825,40.208333333333336,Low,1500-inf,500-999
392,1406,1680,860,60980,43.37126600284495,70.90697674418605,Middle,1000-1499,500-999
393,1264,1502,800,79410,62.824367088607595,99.2625,Middle,1000-1499,500-999
394,1905,2280,1060,82350,43.22834645669291,77.68867924528301,Middle,1500-inf,1000-inf
395,1209,1464,600,36740,30.388751033912325,61.233333333333334,Low,1000-1499,500-999
396,1546,1829,380,27720,17.93014230271669,72.94736842105263,Low,1500-inf,1-499
397,1689,2044,1140,32260,19.100059206631144,28.29824561403509,Low,1500-inf,1000-inf
398,1153,1381,730,53270,46.20121422376409,72.97260273972603,Middle,1000-1499,500-999
399,2063,2493,810,51480,24.95395055744062,63.55555555555556,Low,1500-inf,500-999
400,1848,2254,1000,59970,32.451298701298704,59.97,Low,1500-inf,1000-inf
401,1718,2056,1220,83600,48.66123399301513,68.52459016393442,Middle,1500-inf,1000-inf
402,1480,1773,360,63020,42.58108108108108,175.05555555555554,Middle,1000-1499,1-499
403,1439,1724,900,50920,35.38568450312717,56.577777777777776,Low,1000-1499,500-999
404,1576,1896,750,56450,35.818527918781726,75.26666666666667,Low,1500-inf,500-999
405,1948,2374,930,89540,45.965092402464066,96.27956989247312,Middle,1500-inf,500-999
406,1613,1893,1180,46030,28.536887786732795,39.00847457627118,Low,1500-inf,1000-inf
407,896,1059,870,75110,83.828125,86.33333333333333,High,1-999,500-999
408,1625,1943,680,74520,45.85846153846154,109.58823529411765,Middle,1500-inf,500-999
409,1303,1587,1310,102310,78.51880276285495,78.09923664122137,High,1000-1499,1000-inf
410,1340,1605,1000,53400,39.850746268656714,53.4,Middle,1000-1499,1000-inf
411,1410,1704,1130,59760,42.38297872340426,52.88495575221239,Middle,1000-1499,1000-inf
412,1432,1719,990,49540,34.59497206703911,50.04040404040404,Low,1000-1499,500-999
413,1891,2280,360,51560,27.26599682707562,143.22222222222223,Low,1500-inf,1-499
414,1322,1583,720,49510,37.450832072617246,68.76388888888889,Low,1000-1499,500-999
415,1378,1670,950,58610,42.53265602322206,61.694736842105264,Middle,1000-1499,500-999
416,1462,1732,840,68260,46.689466484268124,81.26190476190476,Middle,1000-1499,500-999
417,1440,1733,1120,65310,45.354166666666664,58.3125,Middle,1000-1499,1000-inf
418,1421,1724,920,52090,36.65728360309641,56.619565217391305,Low,1000-1499,500-999
419,1280,1530,1240,43860,34.265625,35.37096774193548,Low,1000-1499,1000-inf
420,1431,1710,840,74170,51.830887491264846,88.29761904761905,Middle,1000-1499,500-999
421,1161,1404,430,58380,50.28423772609819,135.7674418604651,Middle,1000-1499,1-499
422,1175,1405,810,91200,77.61702127659575,112.5925925925926,High,1000-1499,500-999
423,1395,1662,920,90940,65.18996415770609,98.84782608695652,Middle,1000-1499,500-999
424,1443,1755,880,49330,34.18572418572418,56.05681818181818,Low,1000-1499,500-999
425,1247,1523,1350,53500,42.90296712109062,39.629629629629626,Middle,1000-1499,1000-inf
426,1788,2133,1000,54590,30.53131991051454,54.59,Low,1500-inf,1000-inf
427,1138,1375,1220,57450,50.48330404217926,47.09016393442623,Middle,1000-1499,1000-inf
428,1709,2042,430,33240,19.449970743124634,77.30232558139535,Low,1500-inf,1-499
429,1777,2145,520,80790,45.46426561620709,155.3653846153846,Middle,1500-inf,500-999
430,1612,1918,580,61000,37.84119106699752,105.17241379310344,Low,1500-inf,500-999
431,1618,1943,460,47620,29.431396786155748,103.52173913043478,Low,1500-inf,1-499
432,1311,1571,470,72090,54.98855835240275,153.38297872340425,Middle,1000-1499,1-499
433,1365,1638,680,102920,75.3992673992674,151.35294117647058,High,1000-1499,500-999
434,1249,1503,950,61970,49.615692554043235,65.23157894736842,Middle,1000-1499,500-999
435,1373,1635,840,61040,44.457392571012385,72.66666666666667,Middle,1000-1499,500-999
436,1536,1836,990,52060,33.893229166666664,52.58585858585859,Low,1500-inf,500-999
437,1744,2101,520,69570,39.89105504587156,133.78846153846155,Middle,1500-inf,500-999
438,1513,1820,520,66020,43.635161929940516,126.96153846153847,Middle,1500-inf,500-999
439,1297,1561,1070,40000,30.840400925212027,37.38317757009346,Low,1000-1499,1000-inf
440,1908,2304,990,79500,41.666666666666664,80.3030303030303,Middle,1500-inf,500-999
441,1721,2076,710,76300,44.33468913422429,107.46478873239437,Middle,1500-inf,500-999
442,1243,1491,430,69030,55.534995977473855,160.53488372093022,Middle,1000-1499,1-499
443,1472,1766,1290,57140,38.817934782608695,44.29457364341085,Low,1000-1499,1000-inf
444,1307,1570,1080,41710,31.912777352716144,38.620370370370374,Low,1000-1499,1000-inf
445,1628,1959,890,71480,43.90663390663391,80.31460674157303,Middle,1500-inf,500-999
446,1556,1869,1000,33010,21.2146529562982,33.01,Low,1500-inf,1000-inf
447,1179,1428,1290,74570,63.24851569126378,57.8062015503876,Middle,1000-1499,1000-inf
448,1768,2123,860,49590,28.04864253393665,57.66279069767442,Low,1500-inf,500-999
449,1378,1656,1010,73170,53.09869375907112,72.44554455445545,Middle,1000-1499,1000-inf
450,1685,2015,1160,79220,47.01483679525222,68.29310344827586,Middle,1500-inf,1000-inf
451,1474,1759,880,75880,51.47896879240163,86.22727272727273,Middle,1000-1499,500-999
452,1794,2137,670,67610,37.686733556298776,100.91044776119404,Low,1500-inf,500-999
453,1086,1291,930,69090,63.61878453038674,74.29032258064517,Middle,1000-1499,500-999
454,1808,2154,990,35220,19.48008849557522,35.57575757575758,Low,1500-inf,500-999
455,1501,1790,450,53940,35.936042638241176,119.86666666666666,Low,1500-inf,1-499
456,1353,1598,690,56660,41.87730968218773,82.1159420289855,Middle,1000-1499,500-999
457,1455,1757,650,67520,46.40549828178694,103.87692307692308,Middle,1000-1499,500-999
458,1165,1411,1020,38620,33.15021459227468,37.86274509803921,Low,1000-1499,1000-inf
459,1332,1610,880,38890,29.196696696696698,44.19318181818182,Low,1000-1499,500-999
460,1396,1668,760,79270,56.7836676217765,104.30263157894737,Middle,1000-1499,500-999
461,1513,1821,690,42880,28.341044282881693,62.14492753623188,Low,1500-inf,500-999
462,1618,1940,630,44240,27.34239802224969,70.22222222222223,Low,1500-inf,500-999
463,1845,2233,370,43190,23.40921409214092,116.72972972972973,Low,1500-inf,1-499
464,1172,1411,460,74550,63.60921501706485,162.06521739130434,Middle,1000-1499,1-499
465,1436,1737,770,57090,39.75626740947075,74.14285714285714,Middle,1000-1499,500-999
466,1738,2065,750,56480,32.497123130034524,75.30666666666667,Low,1500-inf,500-999
467,2229,2667,660,87410,39.214894571556755,132.43939393939394,Low,1500-inf,500-999
468,1490,1783,730,81370,54.61073825503356,111.46575342465754,Middle,1000-1499,500-999
469,1060,1279,670,97360,91.84905660377359,145.3134328358209,High,1000-1499,500-999
470,2015,2436,680,77960,38.68982630272953,114.6470588235294,Low,1500-inf,500-999
471,1611,1919,960,71240,44.22098075729361,74.20833333333333,Middle,1500-inf,500-999
472,1187,1417,1230,58940,49.654591406908175,47.91869918699187,Middle,1000-1499,1000-inf
473,1430,1690,800,78950,55.20979020979021,98.6875,Middle,1000-1499,500-999
474,1543,1840,450,36380,23.57744653272845,80.84444444444445,Low,1500-inf,1-499
475,1836,2195,940,45160,24.59694989106754,48.04255319148936,Low,1500-inf,500-999
476,1463,1764,1060,69050,47.19753930280246,65.14150943396227,Middle,1000-1499,1000-inf
477,1213,1462,560,56830,46.85078318219291,101.48214285714286,Middle,1000-1499,500-999
478,1244,1480,860,93530,75.18488745980707,108.75581395348837,High,1000-1499,500-999
479,1745,2108,730,46920,26.888252148997136,64.27397260273973,Low,1500-inf,500-999
480,933,1121,940,55990,60.01071811361201,59.56382978723404,Middle,1-999,500-999
481,1764,2132,920,40840,23.151927437641724,44.391304347826086,Low,1500-inf,500-999
482,1675,2002,1050,64990,38.8,61.89523809523809,Low,1500-inf,1000-inf
483,1688,2046,380,53550,31.723933649289098,140.92105263157896,Low,1500-inf,1-499
484,1842,2204,930,51320,27.86102062975027,55.18279569892473,Low,1500-inf,500-999
485,1316,1597,980,36560,27.78115501519757,37.30612244897959,Low,1000-1499,500-999
486,1440,1719,580,66050,45.86805555555556,113.87931034482759,Middle,1000-1499,500-999
487,1760,2111,680,52400,29.772727272727273,77.05882352941177,Low,1500-inf,500-999
488,1323,1571,850,27970,21.14134542705971,32.90588235294118,Low,1000-1499,500-999
489,1230,1466,730,67100,54.552845528455286,91.91780821917808,Middle,1000-1499,500-999
490,1540,1838,570,43710,28.383116883116884,76.6842105263158,Low,1500-inf,500-999
491,1167,1388,620,38600,33.07626392459297,62.25806451612903,Low,1000-1499,500-999
492,1429,1695,890,53890,37.71168649405178,60.550561797752806,Low,1000-1499,500-999
493,1491,1770,800,52610,35.28504359490275,65.7625,Low,1000-1499,500-999
494,1313,1574,920,43130,32.848438690022846,46.880434782608695,Low,1000-1499,500-999
495,1609,1943,920,40300,25.04661280298322,43.80434782608695,Low,1500-inf,500-999
496,1109,1342,760,49750,44.860234445446345,65.46052631578948,Middle,1000-1499,500-999
497,1207,1440,500,43840,36.32145816072908,87.68,Low,1000-1499,500-999
498,902,1087,680,56820,62.993348115299334,83.55882352941177,Middle,1-999,500-999
499,1191,1422,770,36350,30.520570948782535,47.20779220779221,Low,1000-1499,500-999
500,1335,1601,460,50820,38.06741573033708,110.47826086956522,Low,1000-1499,1-499
501,1382,1660,1070,83720,60.578871201157746,78.24299065420561,Middle,1000-1499,1000-inf
502,1588,1906,450,46970,29.57808564231738,104.37777777777778,Low,1500-inf,1-499
503,1918,2284,310,78020,40.67778936392075,251.67741935483872,Middle,1500-inf,1-499
504,1484,1774,880,45080,30.37735849056604,51.22727272727273,Low,1000-1499,500-999
505,1334,1607,370,55160,41.34932533733134,149.0810810810811,Middle,1000-1499,1-499
506,1556,1846,760,72020,46.2853470437018,94.76315789473684,Middle,1500-inf,500-999
507,1784,2142,950,64010,35.880044843049326,67.37894736842105,Low,1500-inf,500-999
508,1244,1477,890,27840,22.379421221864952,31.280898876404493,Low,1000-1499,500-999
509,1496,1787,800,58070,38.8168449197861,72.5875,Low,1000-1499,500-999
510,1719,2058,700,51760,30.110529377545085,73.94285714285714,Low,1500-inf,500-999
511,1678,2022,1050,66050,39.36233611442193,62.904761904761905,Low,1500-inf,1000-inf
512,1247,1490,330,65750,52.72654370489174,199.24242424242425,Middle,1000-1499,1-499
513,1191,1421,980,65820,55.26448362720403,67.16326530612245,Middle,1000-1499,500-999
514,1832,2208,1090,46760,25.524017467248907,42.89908256880734,Low,1500-inf,1000-inf
515,1271,1523,1140,50940,40.0786782061369,44.68421052631579,Middle,1000-1499,1000-inf
516,1735,2084,820,56440,32.53025936599423,68.82926829268293,Low,1500-inf,500-999
517,1627,1948,890,32610,20.04302397049785,36.640449438202246,Low,1500-inf,500-999
518,1351,1616,650,62770,46.461880088823094,96.56923076923077,Middle,1000-1499,500-999
519,1520,1817,850,63600,41.8421052631579,74.82352941176471,Middle,1500-inf,500-999
520,1490,1788,360,45840,30.76510067114094,127.33333333333333,Low,1000-1499,1-499
521,1777,2117,780,38280,21.541924592009003,49.07692307692308,Low,1500-inf,500-999
522,1688,2037,590,50960,30.18957345971564,86.37288135593221,Low,1500-inf,500-999
523,1537,1836,670,39480,25.686402081977878,58.92537313432836,Low,1500-inf,500-999
524,1622,1968,340,69610,42.91615289765721,204.73529411764707,Middle,1500-inf,1-499
525,1148,1384,730,47800,41.637630662020904,65.47945205479452,Middle,1000-1499,500-999
526,1001,1194,1210,44890,44.845154845154845,37.099173553719005,Middle,1000-1499,1000-inf
527,1857,2236,1280,67420,36.30586968228325,52.671875,Low,1500-inf,1000-inf
528,1552,1869,710,78870,50.81829896907217,111.08450704225352,Middle,1500-inf,500-999
529,1700,2064,940,70310,41.358823529411765,74.79787234042553,Middle,1500-inf,500-999
530,1554,1844,670,38530,24.794079794079796,57.507462686567166,Low,1500-inf,500-999
531,1482,1777,800,77570,52.341430499325234,96.9625,Middle,1000-1499,500-999
532,1275,1517,790,59920,46.996078431372545,75.84810126582279,Middle,1000-1499,500-999
533,1642,1981,720,54450,33.160779537149814,75.625,Low,1500-inf,500-999
534,1381,1633,1270,50250,36.38667632150616,39.56692913385827,Low,1000-1499,1000-inf
535,1381,1634,930,30790,22.295438088341783,33.10752688172043,Low,1000-1499,500-999
536,1057,1262,1490,35420,33.50993377483444,23.77181208053691,Low,1000-1499,1000-inf
537,1192,1445,810,43470,36.468120805369125,53.666666666666664,Low,1000-1499,500-999
538,1601,1920,600,61000,38.10118675827608,101.66666666666667,Low,1500-inf,500-999
539,1622,1968,210,64780,39.9383477188656,308.4761904761905,Middle,1500-inf,1-499
540,1607,1909,460,39030,24.2874922215308,84.84782608695652,Low,1500-inf,1-499
541,2214,2647,740,65900,29.76513098464318,89.05405405405405,Low,1500-inf,500-999
542,1633,1936,1320,46050,28.199632578077157,34.88636363636363,Low,1500-inf,1000-inf
543,1546,1845,760,59070,38.20827943078913,77.72368421052632,Low,1500-inf,500-999
544,1475,1753,920,44670,30.284745762711864,48.55434782608695,Low,1000-1499,500-999
545,1270,1519,920,58390,45.976377952755904,63.46739130434783,Middle,1000-1499,500-999
546,1185,1420,880,80370,67.82278481012658,91.32954545454545,Middle,1000-1499,500-999
547,1614,1938,1110,53230,32.98017348203222,47.95495495495496,Low,1500-inf,1000-inf
548,1141,1353,1370,72000,63.10254163014899,52.55474452554745,Middle,1000-1499,1000-inf
549,1244,1481,410,84040,67.55627009646302,204.97560975609755,Middle,1000-1499,1-499
550,869,1050,850,52540,60.46029919447641,61.811764705882354,Middle,1-999,500-999
551,2049,2465,720,63510,30.995607613469986,88.20833333333333,Low,1500-inf,500-999
552,1883,2262,570,42240,22.432288900690388,74.10526315789474,Low,1500-inf,500-999
553,1526,1842,690,39580,25.937090432503275,57.36231884057971,Low,1500-inf,500-999
554,1165,1390,1220,54610,46.8755364806867,44.76229508196721,Middle,1000-1499,1000-inf
555,1832,2185,840,87330,47.669213973799124,103.96428571428571,Middle,1500-inf,500-999
556,1723,2072,560,88410,51.311665699361576,157.875,Middle,1500-inf,500-999
557,932,1138,820,89760,96.30901287553648,109.46341463414635,High,1-999,500-999
558,1137,1374,700,101780,89.51627088830256,145.4,High,1000-1499,500-999
559,1231,1472,810,70290,57.09991876523152,86.77777777777777,Middle,1000-1499,500-999
560,1237,1512,1070,88210,71.30962004850444,82.4392523364486,High,1000-1499,1000-inf
561,1371,1650,540,87160,63.57403355215171,161.40740740740742,Middle,1000-1499,500-999
562,1767,2158,530,41540,23.50877192982456,78.37735849056604,Low,1500-inf,500-999
563,1748,2092,580,49170,28.12929061784897,84.77586206896552,Low,1500-inf,500-999
564,1212,1440,500,63950,52.76402640264026,127.9,Middle,1000-1499,500-999
565,1466,1743,1200,70810,48.30150068212824,59.00833333333333,Middle,1000-1499,1000-inf
566,1152,1386,980,49590,43.046875,50.60204081632653,Middle,1000-1499,500-999
567,1439,1703,1000,67290,46.76164002779708,67.29,Middle,1000-1499,1000-inf
568,2026,2400,720,51240,25.29121421520237,71.16666666666667,Low,1500-inf,500-999
569,1772,2146,1030,48540,27.392776523702032,47.12621359223301,Low,1500-inf,1000-inf
570,1511,1822,420,72410,47.92190602250165,172.4047619047619,Middle,1500-inf,1-499
571,1199,1461,1070,54370,45.346121768140115,50.81308411214953,Middle,1000-1499,1000-inf
572,1834,2184,830,94460,51.50490730643402,113.80722891566265,Middle,1500-inf,500-999
573,1143,1375,940,85160,74.50568678915135,90.59574468085107,High,1000-1499,500-999
574,1494,1794,550,52130,34.892904953145916,94.78181818181818,Low,1000-1499,500-999
575,1770,2131,1140,54650,30.875706214689266,47.93859649122807,Low,1500-inf,1000-inf
576,1455,1747,750,69320,47.6426116838488,92.42666666666666,Middle,1000-1499,500-999
577,1141,1372,620,51480,45.11831726555653,83.03225806451613,Middle,1000-1499,500-999
578,1586,1886,660,50060,31.563682219419924,75.84848484848484,Low,1500-inf,500-999
579,1701,2034,660,62180,36.554967666078774,94.21212121212122,Low,1500-inf,500-999
580,1860,2246,410,79780,42.89247311827957,194.58536585365854,Middle,1500-inf,1-499
581,1167,1406,440,42860,36.72664952870608,97.4090909090909,Low,1000-1499,1-499
582,1424,1716,630,54410,38.20926966292135,86.36507936507937,Low,1000-1499,500-999
583,1710,2053,730,69390,40.578947368421055,95.05479452054794,Middle,1500-inf,500-999
584,1408,1708,220,42810,30.404829545454547,194.5909090909091,Low,1000-1499,1-499
585,1517,1831,610,30840,20.3295978905735,50.557377049180324,Low,1500-inf,500-999
586,1227,1476,720,56260,45.851670741646295,78.13888888888889,Middle,1000-1499,500-999
587,1609,1930,740,76470,47.52641392169049,103.33783783783784,Middle,1500-inf,500-999
588,1553,1831,740,35680,22.974887314874437,48.21621621621622,Low,1500-inf,500-999
589,1814,2174,770,90070,49.65270121278942,116.97402597402598,Middle,1500-inf,500-999
590,1240,1493,590,33120,26.70967741935484,56.13559322033898,Low,1000-1499,500-999
591,1206,1437,1330,54060,44.82587064676617,40.64661654135338,Middle,1000-1499,1000-inf
592,1847,2186,910,75120,40.67135896047645,82.54945054945055,Middle,1500-inf,500-999
593,1009,1202,330,41600,41.22893954410307,126.06060606060606,Middle,1000-1499,1-499
594,1624,1946,870,20270,12.481527093596059,23.298850574712645,Low,1500-inf,500-999
595,1612,1931,790,60060,37.25806451612903,76.0253164556962,Low,1500-inf,500-999
596,1498,1805,1270,82270,54.91989319092123,64.77952755905511,Middle,1000-1499,1000-inf
597,946,1125,590,29170,30.83509513742072,49.440677966101696,Low,1-999,500-999
598,1563,1872,1080,68420,43.77479206653871,63.351851851851855,Middle,1500-inf,1000-inf
599,1664,2016,830,59130,35.53485576923077,71.24096385542168,Low,1500-inf,500-999
600,1619,1947,910,74330,45.911056207535516,81.68131868131869,Middle,1500-inf,500-999
601,1433,1722,830,77080,53.789253314724355,92.86746987951807,Middle,1000-1499,500-999
602,1241,1489,1380,76250,61.44238517324738,55.2536231884058,Middle,1000-1499,1000-inf
603,1429,1720,1180,59540,41.665500349895034,50.45762711864407,Middle,1000-1499,1000-inf
604,1241,1488,770,54690,44.06929895245769,71.02597402597402,Middle,1000-1499,500-999
605,1078,1306,680,84360,78.25602968460112,124.05882352941177,High,1000-1499,500-999
606,1690,2065,910,51420,30.42603550295858,56.505494505494504,Low,1500-inf,500-999
607,1289,1536,540,65120,50.519782777346784,120.5925925925926,Middle,1000-1499,500-999
608,1581,1894,760,49380,31.23339658444023,64.97368421052632,Low,1500-inf,500-999
609,1608,1945,760,37830,23.526119402985074,49.776315789473685,Low,1500-inf,500-999
610,1344,1608,730,35980,26.770833333333332,49.28767123287671,Low,1000-1499,500-999
611,1513,1804,430,69190,45.73033707865169,160.90697674418604,Middle,1500-inf,1-499
612,1529,1839,1000,50590,33.08698495748855,50.59,Low,1500-inf,1000-inf
613,1677,2014,660,60800,36.255217650566486,92.12121212121212,Low,1500-inf,500-999
614,1015,1229,930,31180,30.7192118226601,33.526881720430104,Low,1000-1499,500-999
615,1438,1751,760,77790,54.09596662030598,102.35526315789474,Middle,1000-1499,500-999
616,1426,1718,370,47570,33.35904628330996,128.56756756756758,Low,1000-1499,1-499
617,1412,1701,630,69130,48.95892351274787,109.73015873015873,Middle,1000-1499,500-999
618,1622,1944,360,75970,46.83723797780518,211.02777777777777,Middle,1500-inf,1-499
619,1503,1791,630,68350,45.475715236194276,108.4920634920635,Middle,1500-inf,500-999
620,1501,1789,670,41680,27.76815456362425,62.208955223880594,Low,1500-inf,500-999
621,1971,2342,690,86560,43.916793505834605,125.44927536231884,Middle,1500-inf,500-999
622,1383,1687,830,81390,58.850325379609544,98.06024096385542,Middle,1000-1499,500-999
623,1371,1635,720,50730,37.00218818380744,70.45833333333333,Low,1000-1499,500-999
624,1508,1823,520,71290,47.274535809018566,137.09615384615384,Middle,1500-inf,500-999
625,1057,1284,750,70110,66.32923368022706,93.48,Middle,1000-1499,500-999
626,1411,1680,1070,61590,43.649893692416725,57.5607476635514,Middle,1000-1499,1000-inf
627,1466,1746,590,69370,47.31923601637108,117.57627118644068,Middle,1000-1499,500-999
628,1545,1888,600,67110,43.43689320388349,111.85,Middle,1500-inf,500-999
629,2044,2408,380,82020,40.12720156555773,215.8421052631579,Middle,1500-inf,1-499
630,1887,2264,830,62050,32.88288288288288,74.75903614457832,Low,1500-inf,500-999
631,1505,1836,940,61730,41.01661129568107,65.67021276595744,Middle,1500-inf,500-999
632,1422,1722,560,58660,41.251758087201125,104.75,Middle,1000-1499,500-999
633,1564,1869,1030,53370,34.12404092071611,51.81553398058252,Low,1500-inf,1000-inf
634,1510,1810,730,39700,26.29139072847682,54.38356164383562,Low,1500-inf,500-999
635,1568,1920,890,53750,34.27933673469388,60.39325842696629,Low,1500-inf,500-999
636,1933,2338,1140,44730,23.14019658561821,39.23684210526316,Low,1500-inf,1000-inf
637,1501,1822,590,49350,32.87808127914724,83.64406779661017,Low,1500-inf,500-999
638,1593,1911,580,43340,27.206528562460765,74.72413793103448,Low,1500-inf,500-999
639,1812,2189,310,78090,43.09602649006622,251.90322580645162,Middle,1500-inf,1-499
640,1580,1895,720,54950,34.778481012658226,76.31944444444444,Low,1500-inf,500-999
641,1440,1749,490,75530,52.451388888888886,154.14285714285714,Middle,1000-1499,1-499
642,1100,1331,1010,57330,52.11818181818182,56.76237623762376,Middle,1000-1499,1000-inf
643,1534,1841,680,87930,57.32073011734029,129.30882352941177,Middle,1500-inf,500-999
644,1299,1555,1020,56850,43.764434180138565,55.73529411764706,Middle,1000-1499,1000-inf
645,1767,2121,1050,78430,44.3859649122807,74.6952380952381,Middle,1500-inf,1000-inf
646,1368,1649,740,63660,46.53508771929825,86.02702702702703,Middle,1000-1499,500-999
647,1393,1670,410,62960,45.197415649676955,153.5609756097561,Middle,1000-1499,1-499
648,1327,1590,770,81870,61.69555388093444,106.32467532467533,Middle,1000-1499,500-999
649,1514,1794,1400,54820,36.20871862615588,39.15714285714286,Low,1500-inf,1000-inf
650,1989,2414,860,116320,58.48164906988436,135.25581395348837,Middle,1500-inf,500-999
651,1334,1584,840,57200,42.87856071964018,68.0952380952381,Middle,1000-1499,500-999
652,1533,1817,950,84360,55.0293542074364,88.8,Middle,1500-inf,500-999
653,1809,2145,940,36530,20.1934770591487,38.861702127659576,Low,1500-inf,500-999
654,1607,1933,930,81260,50.56627255756067,87.3763440860215,Middle,1500-inf,500-999
655,1165,1387,1060,82350,70.68669527896996,77.68867924528301,High,1000-1499,1000-inf
656,1193,1430,560,80830,67.75356244761106,144.33928571428572,Middle,1000-1499,500-999
657,1709,2065,670,30610,17.911059098888238,45.6865671641791,Low,1500-inf,500-999
658,1525,1839,540,51310,33.64590163934426,95.01851851851852,Low,1500-inf,500-999
659,1348,1623,1010,72940,54.10979228486647,72.21782178217822,Middle,1000-1499,1000-inf
660,1132,1366,1340,52450,46.3339222614841,39.14179104477612,Middle,1000-1499,1000-inf
661,1667,2020,980,66070,39.63407318536293,67.41836734693878,Middle,1500-inf,500-999
662,1427,1720,630,43190,30.266292922214436,68.55555555555556,Low,1000-1499,500-999
663,1211,1447,1110,40730,33.63336085879438,36.693693693693696,Low,1000-1499,1000-inf
664,1717,2048,700,78530,45.7367501456028,112.18571428571428,Middle,1500-inf,500-999
665,1766,2111,580,94690,53.618346545866366,163.25862068965517,Middle,1500-inf,500-999
666,1086,1299,1050,44400,40.88397790055249,42.285714285714285,Middle,1000-1499,1000-inf
667,1410,1692,790,73800,52.340425531914896,93.41772151898734,Middle,1000-1499,500-999
668,1476,1760,600,37390,25.331978319783197,62.31666666666667,Low,1000-1499,500-999
669,1068,1278,440,64120,60.0374531835206,145.72727272727272,Middle,1000-1499,1-499
670,1485,1785,1340,66160,44.552188552188554,49.37313432835821,Middle,1000-1499,1000-inf
671,1461,1739,1250,22310,15.270362765229295,17.848,Low,1000-1499,1000-inf
672,1685,2010,990,62380,37.02077151335312,63.01010101010101,Low,1500-inf,500-999
673,1624,1958,290,63850,39.316502463054185,220.17241379310346,Low,1500-inf,1-499
674,1658,2000,350,36210,21.83956574185766,103.45714285714286,Low,1500-inf,1-499
675,1427,1677,210,54590,38.25508058864751,259.95238095238096,Low,1000-1499,1-499
676,1755,2072,810,69610,39.66381766381766,85.93827160493827,Middle,1500-inf,500-999
677,1211,1472,790,65390,53.99669694467382,82.77215189873418,Middle,1000-1499,500-999
678,1591,1896,780,78130,49.10747957259585,100.16666666666667,Middle,1500-inf,500-999
679,1797,2126,730,55710,31.001669449081803,76.31506849315069,Low,1500-inf,500-999
680,1519,1823,1040,69210,45.56287030941409,66.54807692307692,Middle,1500-inf,1000-inf
681,1637,1958,760,59940,36.615760537568725,78.86842105263158,Low,1500-inf,500-999
682,1451,1750,570,72550,50.0,127.28070175438596,Middle,1000-1499,500-999
683,1203,1446,620,44260,36.791354945968415,71.38709677419355,Low,1000-1499,500-999
684,1884,2262,310,56910,30.20700636942675,183.58064516129033,Low,1500-inf,1-499
685,1540,1820,310,82390,53.5,265.7741935483871,Middle,1500-inf,1-499
686,1121,1332,790,54590,48.697591436217664,69.10126582278481,Middle,1000-1499,500-999
687,1307,1562,490,69990,53.550114766641165,142.83673469387756,Middle,1000-1499,1-499
688,1475,1775,230,72740,49.31525423728814,316.2608695652174,Middle,1000-1499,1-499
689,1160,1401,900,35360,30.482758620689655,39.28888888888889,Low,1000-1499,500-999
690,1078,1276,640,94370,87.5417439703154,147.453125,High,1000-1499,500-999
691,1191,1436,840,43520,36.54072208228379,51.80952380952381,Low,1000-1499,500-999
692,1317,1569,780,36000,27.33485193621868,46.15384615384615,Low,1000-1499,500-999
693,1548,1858,480,99480,64.26356589147287,207.25,Middle,1500-inf,1-499
694,1560,1883,1040,83220,53.34615384615385,80.01923076923077,Middle,1500-inf,1000-inf
695,1297,1529,870,52940,40.817270624518116,60.85057471264368,Middle,1000-1499,500-999
696,1645,1958,530,93360,56.753799392097264,176.1509433962264,Middle,1500-inf,500-999
697,1225,1455,750,73590,60.073469387755104,98.12,Middle,1000-1499,500-999
698,1421,1704,840,53840,37.88881069669247,64.0952380952381,Low,1000-1499,500-999
699,1655,1956,800,47350,28.610271903323262,59.1875,Low,1500-inf,500-999
700,1615,1928,660,65080,40.297213622291025,98.60606060606061,Middle,1500-inf,500-999
701,1872,2262,560,62050,33.14636752136752,110.80357142857143,Low,1500-inf,500-999
702,1317,1581,910,30020,22.794229309035686,32.989010989010985,Low,1000-1499,500-999
703,1434,1729,480,49510,34.525801952580196,103.14583333333333,Low,1000-1499,1-499
704,1791,2167,700,64320,35.91289782244556,91.88571428571429,Low,1500-inf,500-999
705,932,1120,660,35590,38.18669527896996,53.92424242424242,Low,1-999,500-999
706,1609,1924,1170,63050,39.1858297078931,53.888888888888886,Low,1500-inf,1000-inf
707,1495,1793,1020,65300,43.67892976588629,64.01960784313725,Middle,1000-1499,1000-inf
708,1769,2153,580,69560,39.32165065008479,119.93103448275862,Low,1500-inf,500-999
709,1693,2032,610,41910,24.75487300649734,68.70491803278688,Low,1500-inf,500-999
710,1247,1497,590,28330,22.718524458700884,48.016949152542374,Low,1000-1499,500-999
711,1502,1815,190,55980,37.270306258322236,294.63157894736844,Low,1500-inf,1-499
712,1360,1612,490,61080,44.911764705882355,124.65306122448979,Middle,1000-1499,1-499
713,1542,1844,680,51380,33.320363164721144,75.55882352941177,Low,1500-inf,500-999
714,1631,1947,670,84410,51.75352544451257,125.98507462686567,Middle,1500-inf,500-999
715,1246,1482,1070,60680,48.69983948635634,56.71028037383178,Middle,1000-1499,1000-inf
716,1990,2384,1110,64690,32.50753768844221,58.27927927927928,Low,1500-inf,1000-inf
717,967,1154,560,45780,47.34229576008273,81.75,Middle,1-999,500-999
718,1582,1894,1100,41800,26.422250316055624,38.0,Low,1500-inf,1000-inf
719,1430,1743,970,53230,37.22377622377623,54.876288659793815,Low,1000-1499,500-999
720,1827,2160,930,36160,19.792008757526,38.88172043010753,Low,1500-inf,500-999
721,1118,1338,1040,40450,36.180679785330945,38.89423076923077,Low,1000-1499,1000-inf
722,1766,2109,1120,57910,32.7916194790487,51.705357142857146,Low,1500-inf,1000-inf
723,1799,2173,910,36280,20.16675931072818,39.86813186813187,Low,1500-inf,500-999
724,1167,1411,440,39190,33.58183376178235,89.06818181818181,Low,1000-1499,1-499
725,1493,1795,530,62380,41.78164768921634,117.69811320754717,Middle,1000-1499,500-999
726,1445,1734,900,21470,14.858131487889274,23.855555555555554,Low,1000-1499,500-999
727,1033,1237,740,34610,33.50435624394966,46.770270270270274,Low,1000-1499,500-999
728,1440,1711,1020,88120,61.19444444444444,86.3921568627451,Middle,1000-1499,1000-inf
729,1487,1773,970,59190,39.80497646267653,61.02061855670103,Middle,1000-1499,500-999
730,1854,2205,890,36290,19.573894282632146,40.7752808988764,Low,1500-inf,500-999
731,1748,2086,550,53760,30.755148741418765,97.74545454545455,Low,1500-inf,500-999
732,1937,2310,520,66300,34.22818791946309,127.5,Low,1500-inf,500-999
733,1641,1999,950,93000,56.672760511883,97.89473684210526,Middle,1500-inf,500-999
734,1659,1999,650,65660,39.57805907172996,101.01538461538462,Middle,1500-inf,500-999
735,1743,2061,860,81930,47.00516351118761,95.26744186046511,Middle,1500-inf,500-999
736,1449,1733,320,60060,41.44927536231884,187.6875,Middle,1000-1499,1-499
737,1098,1309,860,59530,54.216757741347905,69.22093023255815,Middle,1000-1499,500-999
738,1121,1351,900,46380,41.37377341659233,51.53333333333333,Middle,1000-1499,500-999
739,1526,1858,550,76200,49.93446920052425,138.54545454545453,Middle,1500-inf,500-999
740,1358,1645,770,56860,41.87039764359352,73.84415584415585,Middle,1000-1499,500-999
741,1336,1616,710,86620,64.83532934131736,122.0,Middle,1000-1499,500-999
742,1502,1802,840,49730,33.10918774966711,59.20238095238095,Low,1500-inf,500-999
743,1534,1858,860,88370,57.607561929595825,102.75581395348837,Middle,1500-inf,500-999
744,1418,1699,870,49160,34.66854724964739,56.50574712643678,Low,1000-1499,500-999
745,854,1018,660,77740,91.0304449648712,117.78787878787878,High,1-999,500-999
746,1450,1728,930,38560,26.593103448275862,41.46236559139785,Low,1000-1499,500-999
747,1474,1776,1020,51990,35.27137042062415,50.970588235294116,Low,1000-1499,1000-inf
748,1524,1819,1190,39970,26.22703412073491,33.588235294117645,Low,1500-inf,1000-inf
749,1361,1638,1140,46040,33.82806759735489,40.3859649122807,Low,1000-1499,1000-inf
750,1398,1683,490,49500,35.407725321888414,101.0204081632653,Low,1000-1499,1-499
751,1085,1308,1170,76670,70.66359447004608,65.52991452991454,High,1000-1499,1000-inf
752,1660,1979,480,75800,45.66265060240964,157.91666666666666,Middle,1500-inf,1-499
753,1648,2017,930,81720,49.5873786407767,87.87096774193549,Middle,1500-inf,500-999
754,1453,1749,890,58440,40.220233998623534,65.66292134831461,Middle,1000-1499,500-999
755,1323,1591,680,85720,64.79213907785336,126.05882352941177,Middle,1000-1499,500-999
756,1385,1643,740,70940,51.2202166064982,95.86486486486487,Middle,1000-1499,500-999
757,1250,1506,990,62420,49.936,63.05050505050505,Middle,1000-1499,500-999
758,1389,1683,680,56880,40.950323974082075,83.6470588235294,Middle,1000-1499,500-999
759,1486,1758,820,101820,68.51951547779274,124.17073170731707,High,1000-1499,500-999
760,1655,1993,440,86890,52.50151057401813,197.47727272727272,Middle,1500-inf,1-499
761,1645,1963,900,47300,28.753799392097264,52.55555555555556,Low,1500-inf,500-999
762,1464,1771,1080,31270,21.35928961748634,28.953703703703702,Low,1000-1499,1000-inf
763,1197,1428,830,65410,54.64494569757728,78.80722891566265,Middle,1000-1499,500-999
764,1878,2264,310,54200,28.8604898828541,174.83870967741936,Low,1500-inf,1-499
765,1150,1378,730,67390,58.6,92.31506849315069,Middle,1000-1499,500-999
766,1562,1881,740,54530,34.91037131882202,73.6891891891892,Low,1500-inf,500-999
767,1596,1939,960,79760,49.9749373433584,83.08333333333333,Middle,1500-inf,500-999
768,1119,1345,790,78060,69.75871313672923,98.81012658227849,High,1000-1499,500-999
769,1116,1347,700,74080,66.37992831541219,105.82857142857142,Middle,1000-1499,500-999
770,1934,2349,750,52990,27.399172699069286,70.65333333333334,Low,1500-inf,500-999
771,1299,1540,590,70580,54.334103156274054,119.62711864406779,Middle,1000-1499,500-999
772,1417,1689,570,34310,24.213126323218066,60.19298245614035,Low,1000-1499,500-999
773,1235,1503,660,74160,60.04858299595141,112.36363636363636,Middle,1000-1499,500-999
774,1497,1815,700,59190,39.53907815631263,84.55714285714286,Middle,1000-1499,500-999
775,1430,1704,1070,43370,30.32867132867133,40.532710280373834,Low,1000-1499,1000-inf
776,1537,1877,660,17670,11.496421600520495,26.772727272727273,Low,1500-inf,500-999
777,1444,1742,840,56710,39.272853185595565,67.51190476190476,Low,1000-1499,500-999
778,1477,1798,850,59820,40.50101557210562,70.37647058823529,Middle,1000-1499,500-999
779,1041,1246,600,36190,34.764649375600385,60.31666666666667,Low,1000-1499,500-999
780,1226,1472,710,60440,49.29853181076672,85.12676056338029,Middle,1000-1499,500-999
781,1489,1783,450,75300,50.57085292142377,167.33333333333334,Middle,1000-1499,1-499
782,1549,1871,740,74080,47.824402840542284,100.10810810810811,Middle,1500-inf,500-999
783,1073,1280,1240,60440,56.328052190121156,48.74193548387097,Middle,1000-1499,1000-inf
784,1473,1785,570,80720,54.79972844534963,141.6140350877193,Middle,1000-1499,500-999
785,2013,2396,580,47060,23.37804272230502,81.13793103448276,Low,1500-inf,500-999
786,1975,2368,450,86830,43.96455696202532,192.95555555555555,Middle,1500-inf,1-499
787,1561,1877,790,56790,36.38052530429212,71.88607594936708,Low,1500-inf,500-999
788,1427,1723,1040,67090,47.014716187806584,64.50961538461539,Middle,1000-1499,1000-inf
789,1441,1747,670,44370,30.7911172796669,66.22388059701493,Low,1000-1499,500-999
790,1275,1548,370,82970,65.07450980392157,224.24324324324326,Middle,1000-1499,1-499
791,1574,1876,620,56230,35.72426937738246,90.69354838709677,Low,1500-inf,500-999
792,1511,1791,1010,53760,35.57908669755129,53.227722772277225,Low,1500-inf,1000-inf
793,1428,1713,550,55390,38.78851540616247,100.7090909090909,Low,1000-1499,500-999
794,1388,1672,800,73500,52.95389048991355,91.875,Middle,1000-1499,500-999
795,1057,1280,610,41050,38.836329233680225,67.29508196721312,Low,1000-1499,500-999
796,1440,1747,1090,67320,46.75,61.76146788990825,Middle,1000-1499,1000-inf
797,1349,1610,700,65890,48.84358784284655,94.12857142857143,Middle,1000-1499,500-999
798,1536,1808,830,56380,36.705729166666664,67.92771084337349,Low,1500-inf,500-999
799,2019,2420,850,85670,42.431896978702326,100.78823529411764,Middle,1500-inf,500-999
800,1236,1508,1260,70830,57.30582524271845,56.214285714285715,Middle,1000-1499,1000-inf
801,1436,1715,1030,48180,33.551532033426184,46.77669902912621,Low,1000-1499,1000-inf
802,1862,2248,1160,51910,27.878625134264233,44.75,Low,1500-inf,1000-inf
803,1200,1442,880,44320,36.93333333333333,50.36363636363637,Low,1000-1499,500-999
804,1360,1650,420,58940,43.338235294117645,140.33333333333334,Middle,1000-1499,1-499
805,1722,2078,770,73610,42.746806039488966,95.59740259740259,Middle,1500-inf,500-999
806,1577,1902,910,54060,34.280279010779964,59.40659340659341,Low,1500-inf,500-999
807,1850,2214,1110,85000,45.945945945945944,76.57657657657657,Middle,1500-inf,1000-inf
808,1447,1730,510,49030,33.88389771941949,96.13725490196079,Low,1000-1499,500-999
809,1496,1800,780,63300,42.31283422459893,81.15384615384616,Middle,1000-1499,500-999
810,1679,2008,790,84300,50.20845741512805,106.70886075949367,Middle,1500-inf,500-999
811,994,1194,1090,81390,81.88128772635815,74.6697247706422,High,1-999,1000-inf
812,1354,1635,1270,95900,70.8271787296898,75.51181102362204,High,1000-1499,1000-inf
813,1597,1918,1260,71830,44.97808390732624,57.007936507936506,Middle,1500-inf,1000-inf
814,1873,2252,330,79310,42.34383342231714,240.33333333333334,Middle,1500-inf,1-499
815,1218,1459,540,87890,72.15927750410509,162.75925925925927,High,1000-1499,500-999
816,1458,1746,720,48610,33.34019204389575,67.51388888888889,Low,1000-1499,500-999
817,1546,1860,670,73160,47.32212160413972,109.19402985074628,Middle,1500-inf,500-999
818,1608,1962,770,36280,22.562189054726367,47.116883116883116,Low,1500-inf,500-999
819,1822,2160,860,49720,27.288693743139408,57.81395348837209,Low,1500-inf,500-999
820,1716,2038,410,44400,25.874125874125873,108.29268292682927,Low,1500-inf,1-499
821,1072,1296,900,47590,44.39365671641791,52.87777777777778,Middle,1000-1499,500-999
822,1330,1604,480,51460,38.69172932330827,107.20833333333333,Low,1000-1499,1-499
823,1588,1892,540,57750,36.36649874055416,106.94444444444444,Low,1500-inf,500-999
824,1425,1733,760,66000,46.31578947368421,86.84210526315789,Middle,1000-1499,500-999
825,1778,2133,280,45950,25.843644544431946,164.10714285714286,Low,1500-inf,1-499
826,1363,1630,1120,53900,39.54512105649303,48.125,Middle,1000-1499,1000-inf
827,1609,1928,160,37920,23.567433188315725,237.0,Low,1500-inf,1-499
828,1671,2024,620,63100,37.76181926989826,101.7741935483871,Low,1500-inf,500-999
829,1379,1636,440,36770,26.664249456127628,83.56818181818181,Low,1000-1499,1-499
830,1218,1452,870,43910,36.050903119868636,50.47126436781609,Low,1000-1499,500-999
831,1724,2101,900,66390,38.509280742459396,73.76666666666667,Low,1500-inf,500-999
832,986,1179,710,59160,60.0,83.32394366197182,Middle,1-999,500-999
833,1330,1606,590,38510,28.954887218045112,65.27118644067797,Low,1000-1499,500-999
834,1437,1725,910,46220,32.16423103688239,50.79120879120879,Low,1000-1499,500-999
835,1327,1609,1320,41500,31.273549359457423,31.439393939393938,Low,1000-1499,1000-inf
836,1651,2009,1000,58160,35.22713506965476,58.16,Low,1500-inf,1000-inf
837,1211,1462,670,38530,31.81668042939719,57.507462686567166,Low,1000-1499,500-999
838,1916,2277,610,55880,29.16492693110647,91.60655737704919,Low,1500-inf,500-999
839,1638,1937,1050,70940,43.30891330891331,67.56190476190476,Middle,1500-inf,1000-inf
840,1172,1413,480,53940,46.02389078498293,112.375,Middle,1000-1499,1-499
841,1350,1606,770,43030,31.874074074074073,55.883116883116884,Low,1000-1499,500-999
842,1528,1843,340,59820,39.14921465968586,175.94117647058823,Low,1500-inf,1-499
843,1305,1557,580,55500,42.52873563218391,95.6896551724138,Middle,1000-1499,500-999
844,1463,1751,900,49990,34.169514695830486,55.544444444444444,Low,1000-1499,500-999
845,1409,1727,700,42980,30.503903477643718,61.4,Low,1000-1499,500-999
846,1419,1743,860,65970,46.49048625792812,76.70930232558139,Middle,1000-1499,500-999
847,1535,1819,540,59290,38.62540716612378,109.79629629629629,Low,1500-inf,500-999
848,1474,1745,970,63020,42.75440976933514,64.96907216494846,Middle,1000-1499,500-999
849,919,1099,1560,73810,80.31556039173014,47.31410256410256,High,1-999,1000-inf
850,2067,2492,790,70230,33.97677793904209,88.89873417721519,Low,1500-inf,500-999
851,1977,2362,1020,59950,30.32372281234193,58.77450980392157,Low,1500-inf,1000-inf
852,1293,1558,790,78100,60.40216550657386,98.86075949367088,Middle,1000-1499,500-999
853,1477,1790,880,16370,11.083276912660798,18.602272727272727,Low,1000-1499,500-999
854,1582,1906,550,92640,58.558786346396964,168.43636363636364,Middle,1500-inf,500-999
855,1481,1789,550,63540,42.90344361917623,115.52727272727273,Middle,1000-1499,500-999
856,1214,1455,950,87220,71.84514003294893,91.81052631578947,High,1000-1499,500-999
857,1206,1460,810,41990,34.817578772802655,51.839506172839506,Low,1000-1499,500-999
858,1653,1982,390,79410,48.039927404718696,203.6153846153846,Middle,1500-inf,1-499
859,1152,1393,860,54380,47.204861111111114,63.23255813953488,Middle,1000-1499,500-999
860,1458,1757,850,58600,40.1920438957476,68.94117647058823,Middle,1000-1499,500-999
861,1249,1510,660,48950,39.19135308246597,74.16666666666667,Low,1000-1499,500-999
862,1939,2333,830,40670,20.974729241877256,49.0,Low,1500-inf,500-999
863,1591,1919,640,52340,32.8975487115022,81.78125,Low,1500-inf,500-999
864,1180,1397,750,39140,33.16949152542373,52.18666666666667,Low,1000-1499,500-999
865,1846,2195,1170,41090,22.258938244853738,35.11965811965812,Low,1500-inf,1000-inf
866,780,951,790,25600,32.82051282051282,32.40506329113924,Low,1-999,500-999
867,1565,1854,900,100900,64.47284345047923,112.11111111111111,Middle,1500-inf,500-999
868,1648,1959,370,77080,46.771844660194176,208.32432432432432,Middle,1500-inf,1-499
869,1775,2104,980,105150,59.23943661971831,107.29591836734694,Middle,1500-inf,500-999
870,1439,1732,1170,80580,55.997220291869354,68.87179487179488,Middle,1000-1499,1000-inf
871,1487,1776,800,46230,31.08944182918628,57.7875,Low,1000-1499,500-999
872,1800,2158,1100,98260,54.58888888888889,89.32727272727273,Middle,1500-inf,1000-inf
873,1690,2024,1070,75930,44.928994082840234,70.96261682242991,Middle,1500-inf,1000-inf
874,1209,1452,830,52050,43.05210918114144,62.71084337349398,Middle,1000-1499,500-999
875,1859,2222,1210,87000,46.799354491662186,71.90082644628099,Middle,1500-inf,1000-inf
876,1691,2023,540,60270,35.64163217031342,111.61111111111111,Low,1500-inf,500-999
877,1259,1493,100,88270,70.11119936457506,882.7,High,1000-1499,1-499
878,1771,2138,820,57820,32.648221343873516,70.51219512195122,Low,1500-inf,500-999
879,1205,1468,1210,61210,50.79668049792531,50.586776859504134,Middle,1000-1499,1000-inf
880,1792,2131,810,76420,42.645089285714285,94.34567901234568,Middle,1500-inf,500-999
881,1263,1516,780,70980,56.19952494061758,91.0,Middle,1000-1499,500-999
882,1344,1605,1160,76740,57.098214285714285,66.15517241379311,Middle,1000-1499,1000-inf
883,1819,2187,590,47920,26.34414513468939,81.22033898305085,Low,1500-inf,500-999
884,1357,1625,1140,52160,38.43773028739867,45.75438596491228,Low,1000-1499,1000-inf
885,1396,1673,690,32740,23.45272206303725,47.44927536231884,Low,1000-1499,500-999
886,1118,1337,560,72270,64.6422182468694,129.05357142857142,Middle,1000-1499,500-999
887,1655,1986,1150,77430,46.78549848942598,67.33043478260869,Middle,1500-inf,1000-inf
888,1156,1398,140,92370,79.90484429065744,659.7857142857143,High,1000-1499,1-499
889,1451,1734,670,34880,24.038594073053066,52.059701492537314,Low,1000-1499,500-999
890,1539,1829,650,46580,30.26640675763483,71.66153846153846,Low,1500-inf,500-999
891,1549,1851,1220,70620,45.590703679793414,57.885245901639344,Middle,1500-inf,1000-inf
892,1582,1910,1080,66390,41.96586599241466,61.47222222222222,Middle,1500-inf,1000-inf
893,1387,1663,850,82080,59.178082191780824,96.56470588235294,Middle,1000-1499,500-999
894,1200,1436,1060,76440,63.7,72.11320754716981,Middle,1000-1499,1000-inf
895,1299,1560,770,96610,74.37259430331024,125.46753246753246,High,1000-1499,500-999
896,1174,1429,1110,54340,46.28620102214651,48.95495495495496,Middle,1000-1499,1000-inf
